id,Season,city,date,team1,team2,toss_winner,toss_decision,result,dl_applied,winner,win_by_runs,win_by_wickets,player_of_match,venue,umpire1,umpire2,umpire3,Strength Team 1,Strength Team 2
335982,2008,1,18-04-2008,1,5,1,1,normal,0,5,140,0,BB McCullum,M Chinnaswamy Stadium,Asad Rauf,RE Koertzen,,1.139,0.987
335983,2008,2,19-04-2008,2,8,8,2,normal,0,8,33,0,MEK Hussey,"Punjab Cricket Association Stadium, Mohali",MR Benson,SL Shastri,,1.141,1.05
335984,2008,3,19-04-2008,3,6,6,2,normal,0,3,0,9,MF Maharoof,Feroz Shah Kotla,Aleem Dar,GA Pratapkumar,,1.292,0.987
335985,2008,4,20-04-2008,4,1,4,2,normal,0,1,0,5,MV Boucher,Wankhede Stadium,SJ Davis,DJ Harper,,1.378,1.139
335986,2008,5,20-04-2008,5,7,7,2,normal,0,5,0,5,DJ Hussey,Eden Gardens,BF Bowden,K Hariharan,,0.987,1.288
335987,2008,6,21-04-2008,6,2,2,2,normal,0,6,0,6,SR Watson,Sawai Mansingh Stadium,Aleem Dar,RB Tiffin,,0.987,1.141
335988,2008,7,22-04-2008,7,3,7,2,normal,0,3,0,9,V Sehwag,"Rajiv Gandhi International Stadium, Uppal",IL Howell,AM Saheba,,1.288,1.292
335989,2008,8,23-04-2008,8,4,4,1,normal,0,8,6,0,ML Hayden,"MA Chidambaram Stadium, Chepauk",DJ Harper,GA Pratapkumar,,1.05,1.378
335990,2008,7,24-04-2008,7,6,6,1,normal,0,6,0,3,YK Pathan,"Rajiv Gandhi International Stadium, Uppal",Asad Rauf,MR Benson,,1.288,0.987
335991,2008,2,25-04-2008,2,4,4,1,normal,0,2,66,0,KC Sangakkara,"Punjab Cricket Association Stadium, Mohali",Aleem Dar,AM Saheba,,1.141,1.378
335992,2008,1,26-04-2008,1,6,6,1,normal,0,6,0,7,SR Watson,M Chinnaswamy Stadium,MR Benson,IL Howell,,1.139,0.987
335993,2008,8,26-04-2008,8,5,5,2,normal,0,8,0,9,JDP Oram,"MA Chidambaram Stadium, Chepauk",BF Bowden,AV Jayaprakash,,1.05,0.987
335994,2008,4,27-04-2008,4,7,7,1,normal,0,7,0,10,AC Gilchrist,Dr DY Patil Sports Academy,Asad Rauf,SL Shastri,,1.378,1.288
335995,2008,2,27-04-2008,2,3,3,2,normal,0,2,0,4,SM Katich,"Punjab Cricket Association Stadium, Mohali",RE Koertzen,I Shivram,,1.141,1.292
335996,2008,1,28-04-2008,1,8,8,2,normal,0,8,13,0,MS Dhoni,M Chinnaswamy Stadium,BR Doctrove,RB Tiffin,,1.139,1.05
335997,2008,5,29-04-2008,5,4,5,2,normal,0,4,0,7,ST Jayasuriya,Eden Gardens,BF Bowden,AV Jayaprakash,,0.987,1.378
335998,2008,3,30-04-2008,3,1,1,1,normal,0,3,10,0,GD McGrath,Feroz Shah Kotla,Aleem Dar,I Shivram,,1.292,1.139
335999,2008,7,01-05-2008,7,2,2,1,normal,0,2,0,7,SE Marsh,"Rajiv Gandhi International Stadium, Uppal",BR Doctrove,RB Tiffin,,1.288,1.141
336000,2008,6,01-05-2008,6,5,6,2,normal,0,6,45,0,SA Asnodkar,Sawai Mansingh Stadium,RE Koertzen,GA Pratapkumar,,0.987,0.987
336001,2008,8,02-05-2008,8,3,8,2,normal,0,3,0,8,V Sehwag,"MA Chidambaram Stadium, Chepauk",BF Bowden,K Hariharan,,1.05,1.292
336002,2008,7,25-05-2008,7,1,7,2,normal,0,1,0,5,R Vinay Kumar,"Rajiv Gandhi International Stadium, Uppal",Asad Rauf,RE Koertzen,,1.288,1.139
336003,2008,2,03-05-2008,2,5,2,2,normal,0,2,9,0,IK Pathan,"Punjab Cricket Association Stadium, Mohali",DJ Harper,I Shivram,,1.141,0.987
336004,2008,4,04-05-2008,4,3,3,1,normal,0,4,29,0,SM Pollock,Dr DY Patil Sports Academy,IL Howell,RE Koertzen,,1.378,1.292
336005,2008,6,04-05-2008,6,8,8,2,normal,0,6,0,8,Sohail Tanvir,Sawai Mansingh Stadium,Asad Rauf,AV Jayaprakash,,0.987,1.05
336006,2008,1,05-05-2008,1,2,2,1,normal,0,2,0,6,S Sreesanth,M Chinnaswamy Stadium,SJ Davis,BR Doctrove,,1.139,1.141
336007,2008,8,06-05-2008,8,7,7,1,normal,0,7,0,7,AC Gilchrist,"MA Chidambaram Stadium, Chepauk",MR Benson,RB Tiffin,,1.05,1.288
336008,2008,4,07-05-2008,4,6,4,1,normal,0,4,0,7,A Nehra,Dr DY Patil Sports Academy,DJ Harper,RE Koertzen,,1.378,0.987
336009,2008,3,08-05-2008,3,8,8,1,normal,0,8,0,4,MS Dhoni,Feroz Shah Kotla,Aleem Dar,RB Tiffin,,1.292,1.05
336010,2008,5,08-05-2008,5,1,5,2,normal,0,5,5,0,SC Ganguly,Eden Gardens,Asad Rauf,IL Howell,,0.987,1.139
336011,2008,6,09-05-2008,6,7,6,1,normal,0,6,0,8,YK Pathan,Sawai Mansingh Stadium,MR Benson,AM Saheba,,0.987,1.288
336012,2008,1,28-05-2008,1,4,4,1,normal,0,4,0,9,CRD Fernando,M Chinnaswamy Stadium,BF Bowden,AV Jayaprakash,,1.139,1.378
336013,2008,8,10-05-2008,8,2,2,1,normal,0,8,18,0,L Balaji,"MA Chidambaram Stadium, Chepauk",AV Jayaprakash,BG Jerling,,1.05,1.141
336014,2008,7,11-05-2008,7,5,5,2,normal,0,5,23,0,SC Ganguly,"Rajiv Gandhi International Stadium, Uppal",IL Howell,AM Saheba,,1.288,0.987
336015,2008,6,11-05-2008,6,3,6,1,normal,0,6,0,3,SR Watson,Sawai Mansingh Stadium,SJ Davis,RE Koertzen,,0.987,1.292
336016,2008,2,12-05-2008,2,1,1,2,normal,0,2,0,9,SE Marsh,"Punjab Cricket Association Stadium, Mohali",BR Doctrove,I Shivram,,1.141,1.139
336017,2008,5,13-05-2008,5,3,5,2,normal,0,5,23,0,Shoaib Akhtar,Eden Gardens,Asad Rauf,IL Howell,,0.987,1.292
336018,2008,4,14-05-2008,4,8,4,1,normal,0,4,0,9,ST Jayasuriya,Wankhede Stadium,BR Doctrove,AM Saheba,,1.378,1.05
336019,2008,2,28-05-2008,2,6,6,1,normal,0,2,41,0,SE Marsh,"Punjab Cricket Association Stadium, Mohali",SJ Davis,K Hariharan,,1.141,0.987
336020,2008,3,15-05-2008,3,7,7,1,normal,0,3,12,0,A Mishra,Feroz Shah Kotla,BG Jerling,GA Pratapkumar,,1.292,1.288
336021,2008,4,16-05-2008,4,5,4,1,normal,0,4,0,8,SM Pollock,Wankhede Stadium,BR Doctrove,DJ Harper,,1.378,0.987
336022,2008,3,17-05-2008,3,2,3,2,normal,1,2,6,0,DPMD Jayawardene,Feroz Shah Kotla,AV Jayaprakash,RE Koertzen,,1.292,1.141
336023,2008,6,17-05-2008,6,1,1,1,normal,0,6,65,0,GC Smith,Sawai Mansingh Stadium,BF Bowden,SL Shastri,,0.987,1.139
336024,2008,7,18-05-2008,7,4,7,1,normal,0,4,25,0,DJ Bravo,"Rajiv Gandhi International Stadium, Uppal",BR Doctrove,DJ Harper,,1.288,1.378
336025,2008,5,18-05-2008,5,8,5,2,normal,1,8,3,0,M Ntini,Eden Gardens,Asad Rauf,K Hariharan,,0.987,1.05
336026,2008,1,19-05-2008,1,3,3,1,normal,0,3,0,5,SP Goswami,M Chinnaswamy Stadium,SJ Davis,GA Pratapkumar,,1.139,1.292
336027,2008,5,20-05-2008,5,6,6,1,normal,0,6,0,6,YK Pathan,Eden Gardens,BG Jerling,RE Koertzen,,0.987,0.987
336028,2008,4,21-05-2008,4,2,4,1,normal,0,2,1,0,SE Marsh,Wankhede Stadium,BF Bowden,GA Pratapkumar,,1.378,1.141
336029,2008,8,21-05-2008,8,1,1,2,normal,0,1,14,0,A Kumble,"MA Chidambaram Stadium, Chepauk",DJ Harper,I Shivram,,1.05,1.139
336031,2008,2,23-05-2008,2,7,2,1,normal,0,2,0,6,SE Marsh,"Punjab Cricket Association Stadium, Mohali",Asad Rauf,SJ Davis,,1.141,1.288
336032,2008,3,24-05-2008,3,4,3,1,normal,0,3,0,5,KD Karthik,Feroz Shah Kotla,BF Bowden,K Hariharan,,1.292,1.378
336033,2008,8,24-05-2008,8,6,6,2,normal,0,6,10,0,JA Morkel,"MA Chidambaram Stadium, Chepauk",DJ Harper,SL Shastri,,1.05,0.987
336034,2008,1,03-05-2008,1,7,7,1,normal,0,1,3,0,P Kumar,M Chinnaswamy Stadium,BR Doctrove,SL Shastri,,1.139,1.288
336035,2008,5,25-05-2008,5,2,2,2,normal,0,5,0,3,Umar Gul,Eden Gardens,SJ Davis,I Shivram,,0.987,1.141
336036,2008,6,26-05-2008,6,4,6,1,normal,0,6,0,5,Sohail Tanvir,Sawai Mansingh Stadium,BF Bowden,K Hariharan,,0.987,1.378
336037,2008,7,27-05-2008,7,8,7,2,normal,0,8,0,7,SK Raina,"Rajiv Gandhi International Stadium, Uppal",BG Jerling,AM Saheba,,1.288,1.05
336038,2008,4,30-05-2008,3,6,3,1,normal,0,6,105,0,SR Watson,Wankhede Stadium,BF Bowden,RE Koertzen,,1.292,0.987
336039,2008,4,31-05-2008,8,2,2,2,normal,0,8,0,9,M Ntini,Wankhede Stadium,Asad Rauf,DJ Harper,,1.05,1.141
336040,2008,4,01-06-2008,8,6,6,1,normal,0,6,0,3,YK Pathan,Dr DY Patil Sports Academy,BF Bowden,RE Koertzen,,1.05,0.987
392181,2009,9,18-04-2009,8,4,8,1,normal,0,4,19,0,SR Tendulkar,Newlands,BR Doctrove,K Hariharan,,1.05,1.378
392182,2009,9,18-04-2009,1,6,1,2,normal,0,1,75,0,R Dravid,Newlands,BR Doctrove,RB Tiffin,,1.139,0.987
392183,2009,9,19-04-2009,3,2,3,1,normal,1,3,0,10,DL Vettori,Newlands,MR Benson,SD Ranade,,1.292,1.141
392184,2009,9,19-04-2009,7,5,5,2,normal,0,7,0,8,RP Singh,Newlands,MR Benson,BR Doctrove,,1.288,0.987
392185,2009,10,20-04-2009,1,8,8,2,normal,0,8,92,0,M Muralitharan,St George's Park,BG Jerling,SJA Taufel,,1.139,1.05
392186,2009,11,21-04-2009,2,5,5,1,normal,1,5,11,0,CH Gayle,Kingsmead,DJ Harper,SD Ranade,,1.141,0.987
392188,2009,9,22-04-2009,1,7,7,2,normal,0,7,24,0,AC Gilchrist,Newlands,M Erasmus,AM Saheba,,1.139,1.288
392189,2009,11,23-04-2009,8,3,3,2,normal,0,3,9,0,AB de Villiers,Kingsmead,BR Doctrove,SJA Taufel,,1.05,1.292
392190,2009,9,23-04-2009,5,6,5,1,tie,0,6,0,0,YK Pathan,Newlands,MR Benson,M Erasmus,,0.987,0.987
392191,2009,11,24-04-2009,1,2,1,2,normal,0,2,0,7,RS Bopara,Kingsmead,BR Doctrove,TH Wijewardene,,1.139,1.141
392192,2009,11,25-04-2009,7,4,7,2,normal,0,7,12,0,PP Ojha,Kingsmead,HDPK Dharmasena,SJA Taufel,,1.288,1.378
392194,2009,10,26-04-2009,1,3,1,2,normal,0,3,0,6,TM Dilshan,St George's Park,S Asnani,BG Jerling,,1.139,1.292
392195,2009,9,26-04-2009,2,6,2,2,normal,0,2,27,0,KC Sangakkara,Newlands,M Erasmus,K Hariharan,,1.141,0.987
392196,2009,11,27-04-2009,8,7,7,1,normal,0,7,0,6,HH Gibbs,Kingsmead,IL Howell,TH Wijewardene,,1.05,1.288
392197,2009,10,27-04-2009,5,4,4,2,normal,0,4,92,0,SR Tendulkar,St George's Park,BG Jerling,RB Tiffin,,0.987,1.378
392198,2009,12,28-04-2009,3,6,3,2,normal,0,6,0,5,YK Pathan,SuperSport Park,GAV Baxter,RE Koertzen,,1.292,0.987
392199,2009,11,29-04-2009,1,5,5,2,normal,0,1,0,5,MV Boucher,Kingsmead,MR Benson,TH Wijewardene,,1.139,0.987
392200,2009,11,29-04-2009,2,4,2,2,normal,0,2,3,0,KC Sangakkara,Kingsmead,MR Benson,SL Shastri,,1.141,1.378
392201,2009,12,30-04-2009,7,3,3,1,normal,0,3,0,6,DP Nannes,SuperSport Park,GAV Baxter,AM Saheba,,1.288,1.292
392202,2009,12,30-04-2009,8,6,6,1,normal,0,8,38,0,SK Raina,SuperSport Park,GAV Baxter,RE Koertzen,,1.05,0.987
392203,2009,13,01-05-2009,5,4,4,2,normal,0,4,9,0,JP Duminy,Buffalo Park,M Erasmus,SK Tarapore,,0.987,1.378
392204,2009,11,01-05-2009,1,2,1,2,normal,0,1,8,0,Yuvraj Singh,Kingsmead,HDPK Dharmasena,S Ravi,,1.139,1.141
392205,2009,10,02-05-2009,7,6,7,2,normal,0,6,0,3,YK Pathan,St George's Park,S Asnani,BG Jerling,,1.288,0.987
392206,2009,14,02-05-2009,8,3,3,1,normal,0,8,18,0,SB Jakati,New Wanderers Stadium,DJ Harper,RE Koertzen,,1.05,1.292
392207,2009,10,03-05-2009,2,5,5,2,normal,0,2,0,6,DPMD Jayawardene,St George's Park,S Asnani,MR Benson,,1.141,0.987
392208,2009,14,03-05-2009,1,4,4,2,normal,0,1,0,9,JH Kallis,New Wanderers Stadium,RE Koertzen,TH Wijewardene,,1.139,1.378
392209,2009,13,04-05-2009,8,7,8,2,normal,0,8,78,0,MS Dhoni,Buffalo Park,BR Doctrove,M Erasmus,,1.05,1.288
392210,2009,11,05-05-2009,2,6,2,1,normal,0,6,78,0,GC Smith,Kingsmead,SS Hazare,IL Howell,,1.141,0.987
392211,2009,11,05-05-2009,3,5,5,2,normal,0,3,0,9,G Gambhir,Kingsmead,GAV Baxter,IL Howell,,1.292,0.987
392212,2009,12,06-05-2009,7,4,7,2,normal,0,7,19,0,RG Sharma,SuperSport Park,MR Benson,HDPK Dharmasena,,1.288,1.378
392213,2009,12,07-05-2009,1,6,6,1,normal,0,6,0,7,A Singh,SuperSport Park,K Hariharan,DJ Harper,,1.139,0.987
392214,2009,12,07-05-2009,8,2,8,2,normal,1,8,12,0,ML Hayden,SuperSport Park,DJ Harper,TH Wijewardene,,1.05,1.141
392215,2009,13,08-05-2009,3,4,4,2,normal,0,3,0,7,A Nehra,Buffalo Park,M Erasmus,SK Tarapore,,1.292,1.378
392216,2009,15,09-05-2009,7,2,2,1,normal,0,2,0,3,DPMD Jayawardene,De Beers Diamond Oval,GAV Baxter,AM Saheba,,1.288,1.141
392217,2009,15,09-05-2009,8,6,6,2,normal,0,8,0,7,S Badrinath,De Beers Diamond Oval,GAV Baxter,HDPK Dharmasena,,1.05,0.987
392218,2009,10,10-05-2009,1,4,4,2,normal,0,4,16,0,JP Duminy,St George's Park,BR Doctrove,BG Jerling,,1.139,1.378
392219,2009,14,10-05-2009,3,5,3,1,normal,0,3,0,7,A Mishra,New Wanderers Stadium,SL Shastri,RB Tiffin,,1.292,0.987
392220,2009,15,11-05-2009,7,6,7,2,normal,0,7,53,0,DR Smith,De Beers Diamond Oval,GAV Baxter,HDPK Dharmasena,,1.288,0.987
392221,2009,12,12-05-2009,1,5,1,1,normal,0,1,0,6,LRPL Taylor,SuperSport Park,M Erasmus,SS Hazare,,1.139,0.987
392222,2009,12,12-05-2009,2,4,2,2,normal,0,4,0,8,Harbhajan Singh,SuperSport Park,SS Hazare,RE Koertzen,,1.141,1.378
392223,2009,11,13-05-2009,7,3,7,1,normal,0,3,12,0,R Bhatia,Kingsmead,DJ Harper,SL Shastri,,1.288,1.292
392224,2009,11,14-05-2009,1,8,8,2,normal,0,1,0,2,LRPL Taylor,Kingsmead,BR Doctrove,DJ Harper,,1.139,1.05
392225,2009,11,14-05-2009,4,6,6,2,normal,0,6,2,0,SK Warne,Kingsmead,BR Doctrove,DJ Harper,,1.378,0.987
392226,2009,16,15-05-2009,3,2,2,1,normal,0,2,0,6,B Lee,OUTsurance Oval,HDPK Dharmasena,IL Howell,,1.292,1.141
392227,2009,10,16-05-2009,8,4,4,2,normal,0,8,0,7,ML Hayden,St George's Park,SK Tarapore,SJA Taufel,,1.05,1.378
392228,2009,14,16-05-2009,7,5,7,1,normal,0,7,0,6,RG Sharma,New Wanderers Stadium,RE Koertzen,S Ravi,,1.288,0.987
392229,2009,14,17-05-2009,7,2,7,1,normal,0,2,1,0,Yuvraj Singh,New Wanderers Stadium,S Ravi,RB Tiffin,,1.288,1.141
392230,2009,16,17-05-2009,3,6,3,2,normal,0,3,14,0,AB de Villiers,OUTsurance Oval,SS Hazare,IL Howell,,1.292,0.987
392231,2009,12,18-05-2009,8,5,8,2,normal,0,5,0,7,BJ Hodge,SuperSport Park,SJA Taufel,RB Tiffin,,1.05,0.987
392232,2009,14,19-05-2009,1,3,3,2,normal,0,1,0,7,JH Kallis,New Wanderers Stadium,IL Howell,RB Tiffin,,1.139,1.292
392233,2009,11,20-05-2009,5,6,5,1,normal,0,5,0,4,LR Shukla,Kingsmead,BG Jerling,SJA Taufel,,0.987,0.987
392234,2009,11,20-05-2009,8,2,8,2,normal,0,8,24,0,M Muralitharan,Kingsmead,BG Jerling,SJA Taufel,,1.05,1.141
392235,2009,12,21-05-2009,3,4,3,1,normal,0,3,0,4,V Sehwag,SuperSport Park,IL Howell,S Ravi,,1.292,1.378
392236,2009,12,21-05-2009,1,7,1,2,normal,0,1,12,0,MK Pandey,SuperSport Park,IL Howell,S Ravi,,1.139,1.288
392237,2009,12,22-05-2009,3,7,7,1,normal,0,7,0,6,AC Gilchrist,SuperSport Park,BR Doctrove,DJ Harper,,1.292,1.288
392238,2009,14,23-05-2009,1,8,1,1,normal,0,1,0,6,MK Pandey,New Wanderers Stadium,RE Koertzen,SJA Taufel,,1.139,1.05
392239,2009,14,24-05-2009,1,7,1,1,normal,0,7,6,0,A Kumble,New Wanderers Stadium,RE Koertzen,SJA Taufel,,1.139,1.288
419106,2010,4,12-03-2010,7,5,7,1,normal,0,5,11,0,AD Mathews,Dr DY Patil Sports Academy,RE Koertzen,RB Tiffin,,1.288,0.987
419107,2010,4,13-03-2010,4,6,4,2,normal,0,4,4,0,YK Pathan,Brabourne Stadium,RE Koertzen,RB Tiffin,,1.378,0.987
419108,2010,2,13-03-2010,2,3,3,1,normal,0,3,0,5,G Gambhir,"Punjab Cricket Association Stadium, Mohali",BR Doctrove,S Ravi,,1.141,1.292
419109,2010,5,14-03-2010,5,1,5,1,normal,0,5,0,7,MK Tiwary,Eden Gardens,HDPK Dharmasena,AM Saheba,,0.987,1.139
419110,2010,8,14-03-2010,8,7,7,2,normal,0,7,31,0,WPUJC Vaas,"MA Chidambaram Stadium, Chepauk",K Hariharan,DJ Harper,,1.05,1.288
419111,2010,17,15-03-2010,6,3,3,1,normal,0,3,0,6,V Sehwag,"Sardar Patel Stadium, Motera",BG Jerling,RE Koertzen,,0.987,1.292
419112,2010,1,16-03-2010,1,2,2,2,normal,0,1,0,8,JH Kallis,M Chinnaswamy Stadium,S Das,DJ Harper,,1.139,1.141
419113,2010,5,16-03-2010,5,8,8,2,normal,0,8,55,0,MS Dhoni,Eden Gardens,HDPK Dharmasena,AM Saheba,,0.987,1.05
419114,2010,3,17-03-2010,3,4,3,1,normal,0,4,98,0,SR Tendulkar,Feroz Shah Kotla,BR Doctrove,SK Tarapore,,1.292,1.378
419115,2010,1,18-03-2010,1,6,1,1,normal,0,1,0,10,JH Kallis,M Chinnaswamy Stadium,K Hariharan,DJ Harper,,1.139,0.987
419116,2010,3,19-03-2010,3,8,3,2,normal,0,8,0,5,ML Hayden,Feroz Shah Kotla,BR Doctrove,SK Tarapore,,1.292,1.05
419117,2010,18,19-03-2010,7,2,2,1,normal,0,7,6,0,A Symonds,Barabati Stadium,BF Bowden,M Erasmus,,1.288,1.141
419118,2010,17,20-03-2010,6,5,6,2,normal,0,6,34,0,AA Jhunjhunwala,"Sardar Patel Stadium, Motera",RE Koertzen,RB Tiffin,,0.987,0.987
419119,2010,4,20-03-2010,4,1,4,2,normal,0,1,0,7,JH Kallis,Brabourne Stadium,HDPK Dharmasena,SS Hazare,,1.378,1.139
419120,2010,18,21-03-2010,7,3,7,2,normal,0,7,10,0,A Symonds,Barabati Stadium,BF Bowden,M Erasmus,,1.288,1.292
419121,2010,8,21-03-2010,8,2,8,1,tie,0,2,0,0,J Theron,"MA Chidambaram Stadium, Chepauk",K Hariharan,DJ Harper,,1.05,1.141
419122,2010,4,22-03-2010,4,5,5,2,normal,0,4,0,7,SR Tendulkar,Brabourne Stadium,SS Hazare,SJA Taufel,,1.378,0.987
419123,2010,1,23-03-2010,1,8,8,1,normal,0,1,36,0,RV Uthappa,M Chinnaswamy Stadium,RE Koertzen,RB Tiffin,,1.139,1.05
419124,2010,2,24-03-2010,2,6,2,1,normal,0,6,31,0,AC Voges,"Punjab Cricket Association Stadium, Mohali",BR Doctrove,SK Tarapore,,1.141,0.987
419125,2010,4,25-03-2010,4,8,4,1,normal,0,4,0,5,SR Tendulkar,Brabourne Stadium,BF Bowden,AM Saheba,,1.378,1.05
419126,2010,17,26-03-2010,6,7,7,2,normal,0,6,0,8,YK Pathan,"Sardar Patel Stadium, Motera",HDPK Dharmasena,SJA Taufel,,0.987,1.288
419127,2010,2,27-03-2010,2,5,5,2,normal,0,5,39,0,MK Tiwary,"Punjab Cricket Association Stadium, Mohali",BR Doctrove,S Ravi,,1.141,0.987
419128,2010,1,25-03-2010,1,3,1,1,normal,0,3,17,0,KM Jadhav,M Chinnaswamy Stadium,BG Jerling,RE Koertzen,,1.139,1.292
419129,2010,17,28-03-2010,6,8,6,2,normal,0,6,17,0,NV Ojha,"Sardar Patel Stadium, Motera",SS Hazare,SJA Taufel,,0.987,1.05
419130,2010,4,28-03-2010,7,4,7,1,normal,0,4,41,0,Harbhajan Singh,Dr DY Patil Sports Academy,S Das,K Hariharan,,1.288,1.378
419131,2010,3,29-03-2010,3,5,3,2,normal,0,3,40,0,DA Warner,Feroz Shah Kotla,SS Hazare,SJA Taufel,,1.292,0.987
419132,2010,4,30-03-2010,4,2,4,1,normal,0,4,0,4,SL Malinga,Brabourne Stadium,BR Doctrove,SK Tarapore,,1.378,1.141
419133,2010,8,31-03-2010,8,1,1,2,normal,0,8,0,5,M Vijay,"MA Chidambaram Stadium, Chepauk",BG Jerling,RE Koertzen,,1.05,1.139
419134,2010,3,31-03-2010,3,6,3,2,normal,0,3,67,0,KD Karthik,Feroz Shah Kotla,HDPK Dharmasena,SJA Taufel,,1.292,0.987
419135,2010,5,01-04-2010,5,7,5,2,normal,0,5,24,0,SC Ganguly,Eden Gardens,K Hariharan,DJ Harper,,0.987,1.288
419136,2010,2,02-04-2010,2,1,2,2,normal,0,1,0,6,KP Pietersen,"Punjab Cricket Association Stadium, Mohali",BF Bowden,M Erasmus,,1.141,1.139
419137,2010,8,03-04-2010,8,6,8,2,normal,0,8,23,0,M Vijay,"MA Chidambaram Stadium, Chepauk",RE Koertzen,RB Tiffin,,1.05,0.987
419138,2010,4,03-04-2010,4,7,4,2,normal,0,4,63,0,AT Rayudu,Brabourne Stadium,BR Doctrove,S Ravi,,1.378,1.288
419139,2010,5,04-04-2010,5,2,5,2,normal,0,2,0,8,DPMD Jayawardene,Eden Gardens,S Asnani,DJ Harper,,0.987,1.141
419140,2010,3,04-04-2010,3,1,3,2,normal,0,3,37,0,PD Collingwood,Feroz Shah Kotla,BF Bowden,M Erasmus,,1.292,1.139
419141,2010,19,05-04-2010,7,6,6,2,normal,0,6,2,0,SK Warne,"Vidarbha Cricket Association Stadium, Jamtha",HDPK Dharmasena,SJA Taufel,,1.288,0.987
419142,2010,8,06-04-2010,8,4,8,2,normal,0,8,24,0,SK Raina,"MA Chidambaram Stadium, Chepauk",S Asnani,DJ Harper,,1.05,1.378
419143,2010,6,07-04-2010,6,2,2,2,normal,0,6,0,9,MJ Lumb,Sawai Mansingh Stadium,S Ravi,SK Tarapore,,0.987,1.141
419144,2010,5,07-04-2010,5,3,5,2,normal,0,5,14,0,SC Ganguly,Eden Gardens,BG Jerling,RE Koertzen,,0.987,1.292
419145,2010,1,08-04-2010,1,7,7,1,normal,0,7,0,7,TL Suman,M Chinnaswamy Stadium,S Asnani,DJ Harper,,1.139,1.288
419146,2010,2,09-04-2010,2,4,4,2,normal,0,2,0,6,KC Sangakkara,"Punjab Cricket Association Stadium, Mohali",M Erasmus,AM Saheba,,1.141,1.378
419147,2010,19,10-04-2010,7,8,8,2,normal,0,7,0,6,RJ Harris,"Vidarbha Cricket Association Stadium, Jamtha",HDPK Dharmasena,SJA Taufel,,1.288,1.05
419148,2010,1,10-04-2010,1,5,1,1,normal,0,1,0,7,R Vinay Kumar,M Chinnaswamy Stadium,K Hariharan,DJ Harper,,1.139,0.987
419149,2010,3,11-04-2010,3,2,3,2,normal,0,2,0,7,PP Chawla,Feroz Shah Kotla,BF Bowden,AM Saheba,,1.292,1.141
419150,2010,6,11-04-2010,6,4,6,1,normal,0,4,37,0,SR Tendulkar,Sawai Mansingh Stadium,BR Doctrove,SK Tarapore,,0.987,1.378
419151,2010,19,12-04-2010,7,1,1,1,normal,0,7,13,0,Harmeet Singh,"Vidarbha Cricket Association Stadium, Jamtha",RE Koertzen,RB Tiffin,,1.288,1.139
419152,2010,4,13-04-2010,4,3,4,2,normal,0,4,39,0,KA Pollard,Brabourne Stadium,S Asnani,DJ Harper,,1.378,1.292
419153,2010,8,13-04-2010,8,5,5,2,normal,0,8,0,9,R Ashwin,"MA Chidambaram Stadium, Chepauk",SS Hazare,SJA Taufel,,1.05,0.987
419154,2010,6,14-04-2010,6,1,6,2,normal,0,1,0,5,KP Pietersen,Sawai Mansingh Stadium,BR Doctrove,S Ravi,,0.987,1.139
419155,2010,8,15-04-2010,8,3,8,2,normal,0,3,0,6,G Gambhir,"MA Chidambaram Stadium, Chepauk",HDPK Dharmasena,SS Hazare,,1.05,1.292
419156,2010,20,16-04-2010,2,7,7,1,normal,0,7,0,5,RG Sharma,Himachal Pradesh Cricket Association Stadium,M Erasmus,AM Saheba,,1.141,1.288
419157,2010,1,17-04-2010,1,4,1,1,normal,0,4,57,0,R McLaren,M Chinnaswamy Stadium,HDPK Dharmasena,SJA Taufel,,1.139,1.378
419158,2010,5,17-04-2010,5,6,6,2,normal,0,5,0,8,JD Unadkat,Eden Gardens,BG Jerling,RB Tiffin,,0.987,0.987
419159,2010,20,18-04-2010,2,8,8,1,normal,0,8,0,6,MS Dhoni,Himachal Pradesh Cricket Association Stadium,BF Bowden,AM Saheba,,1.141,1.05
419160,2010,3,18-04-2010,3,7,7,2,normal,0,7,11,0,A Symonds,Feroz Shah Kotla,BR Doctrove,SK Tarapore,,1.292,1.288
419161,2010,5,19-04-2010,5,4,4,2,normal,0,5,0,9,M Kartik,Eden Gardens,BG Jerling,RE Koertzen,,0.987,1.378
419162,2010,4,21-04-2010,1,4,4,2,normal,0,4,35,0,KA Pollard,Dr DY Patil Sports Academy,BR Doctrove,RB Tiffin,,1.139,1.378
419163,2010,4,22-04-2010,8,7,8,2,normal,0,8,38,0,DE Bollinger,Dr DY Patil Sports Academy,BR Doctrove,RB Tiffin,,1.05,1.288
419164,2010,4,24-04-2010,1,7,7,2,normal,0,1,0,9,A Kumble,Dr DY Patil Sports Academy,RE Koertzen,SJA Taufel,,1.139,1.288
419165,2010,4,25-04-2010,8,4,8,2,normal,0,8,22,0,SK Raina,Dr DY Patil Sports Academy,RE Koertzen,SJA Taufel,,1.05,1.378
501198,2011,8,08-04-2011,8,5,8,2,normal,0,8,2,0,S Anirudha,"MA Chidambaram Stadium, Chepauk",BR Doctrove,PR Reiffel,,1.05,0.987
501199,2011,7,09-04-2011,7,6,6,1,normal,0,6,0,8,SK Trivedi,"Rajiv Gandhi International Stadium, Uppal",RE Koertzen,SK Tarapore,,1.288,0.987
501200,2011,21,09-04-2011,9,1,9,2,normal,0,1,0,6,AB de Villiers,Nehru Stadium,HDPK Dharmasena,K Hariharan,,1,1.139
501201,2011,3,10-04-2011,3,4,3,2,normal,0,4,0,8,SL Malinga,Feroz Shah Kotla,AM Saheba,RB Tiffin,,1.292,1.378
501202,2011,4,10-04-2011,10,2,2,2,normal,0,10,0,7,SB Wagh,Dr DY Patil Sports Academy,BR Doctrove,PR Reiffel,,1,1.141
501203,2011,5,11-04-2011,5,7,5,2,normal,0,5,9,0,JH Kallis,Eden Gardens,RE Koertzen,SK Tarapore,,0.987,1.288
501204,2011,6,12-04-2011,6,3,3,2,normal,0,6,0,6,SK Warne,Sawai Mansingh Stadium,Aleem Dar,RB Tiffin,,0.987,1.292
501205,2011,1,12-04-2011,1,4,4,1,normal,0,4,0,9,SR Tendulkar,M Chinnaswamy Stadium,HDPK Dharmasena,AL Hill,,1.139,1.378
501206,2011,2,13-04-2011,2,8,2,1,normal,0,2,0,6,PC Valthaty,"Punjab Cricket Association Stadium, Mohali",Asad Rauf,SL Shastri,,1.141,1.05
501207,2011,4,13-04-2011,10,9,9,2,normal,0,10,0,4,MD Mishra,Dr DY Patil Sports Academy,S Asnani,PR Reiffel,,1,1
501208,2011,7,14-04-2011,7,1,1,1,normal,0,7,33,0,DW Steyn,"Rajiv Gandhi International Stadium, Uppal",RE Koertzen,S Ravi,,1.288,1.139
501209,2011,6,15-04-2011,6,5,5,1,normal,0,5,0,9,G Gambhir,Sawai Mansingh Stadium,Aleem Dar,SS Hazare,,0.987,0.987
501210,2011,4,15-04-2011,4,9,9,1,normal,0,9,0,8,BB McCullum,Wankhede Stadium,BR Doctrove,PR Reiffel,,1.378,1
501211,2011,8,16-04-2011,8,1,8,2,normal,0,8,21,0,MEK Hussey,"MA Chidambaram Stadium, Chepauk",HDPK Dharmasena,AL Hill,,1.05,1.139
501212,2011,7,16-04-2011,7,2,2,1,normal,0,2,0,8,PC Valthaty,"Rajiv Gandhi International Stadium, Uppal",RE Koertzen,S Ravi,,1.288,1.141
501213,2011,4,17-04-2011,10,3,3,1,normal,0,3,0,3,Yuvraj Singh,Dr DY Patil Sports Academy,Asad Rauf,AM Saheba,,1,1.292
501214,2011,5,17-04-2011,5,6,5,1,normal,0,5,0,8,L Balaji,Eden Gardens,Aleem Dar,RB Tiffin,,0.987,0.987
501215,2011,21,18-04-2011,9,8,9,1,normal,1,9,0,7,BB McCullum,Nehru Stadium,K Hariharan,AL Hill,,1,1.05
501216,2011,3,19-04-2011,3,7,7,2,normal,0,7,16,0,S Sohal,Feroz Shah Kotla,PR Reiffel,RJ Tucker,,1.292,1.288
501218,2011,4,20-04-2011,4,10,10,2,normal,0,4,0,7,MM Patel,Wankhede Stadium,Asad Rauf,AM Saheba,,1.378,1
501219,2011,5,20-04-2011,5,9,5,1,normal,0,9,6,0,DPMD Jayawardene,Eden Gardens,Aleem Dar,RB Tiffin,,0.987,1
501220,2011,2,21-04-2011,2,6,6,1,normal,0,2,48,0,SE Marsh,"Punjab Cricket Association Stadium, Mohali",S Asnani,PR Reiffel,,1.141,0.987
501221,2011,4,22-04-2011,4,8,8,1,normal,0,4,8,0,Harbhajan Singh,Wankhede Stadium,Asad Rauf,AM Saheba,,1.378,1.05
501222,2011,5,22-04-2011,5,1,1,1,normal,0,1,0,9,CH Gayle,Eden Gardens,SS Hazare,RB Tiffin,,0.987,1.139
501223,2011,3,23-04-2011,3,2,2,1,normal,0,3,29,0,DA Warner,Feroz Shah Kotla,S Asnani,RE Koertzen,,1.292,1.141
501224,2011,7,24-04-2011,7,4,7,1,normal,0,4,37,0,SL Malinga,"Rajiv Gandhi International Stadium, Uppal",HDPK Dharmasena,AL Hill,,1.288,1.378
501225,2011,6,24-04-2011,6,9,6,1,normal,0,6,0,8,SK Warne,Sawai Mansingh Stadium,BR Doctrove,SK Tarapore,,0.987,1
501226,2011,8,25-04-2011,8,10,10,1,normal,0,8,25,0,MEK Hussey,"MA Chidambaram Stadium, Chepauk",Aleem Dar,RB Tiffin,,1.05,1
501227,2011,3,26-04-2011,3,1,1,1,normal,0,1,0,3,V Kohli,Feroz Shah Kotla,S Asnani,RJ Tucker,,1.292,1.139
501228,2011,4,27-04-2011,10,8,10,2,normal,0,8,0,8,DE Bollinger,Dr DY Patil Sports Academy,Asad Rauf,SL Shastri,,1,1.05
501229,2011,21,27-04-2011,9,7,9,1,normal,0,7,55,0,I Sharma,Nehru Stadium,HDPK Dharmasena,AL Hill,,1,1.288
501230,2011,3,28-04-2011,3,5,3,1,normal,0,5,17,0,MK Tiwary,Feroz Shah Kotla,PR Reiffel,RJ Tucker,,1.292,0.987
501231,2011,6,29-04-2011,6,4,6,1,normal,0,6,0,7,J Botha,Sawai Mansingh Stadium,Asad Rauf,SK Tarapore,,0.987,1.378
501232,2011,1,29-04-2011,1,10,10,1,normal,0,1,26,0,V Kohli,M Chinnaswamy Stadium,Aleem Dar,SS Hazare,,1.139,1
501233,2011,21,30-04-2011,9,3,3,2,normal,0,3,38,0,V Sehwag,Nehru Stadium,HDPK Dharmasena,AL Hill,,1,1.292
501234,2011,5,30-04-2011,5,2,5,1,normal,0,5,0,8,Iqbal Abdulla,Eden Gardens,AM Saheba,SL Shastri,,0.987,1.141
501235,2011,6,01-05-2011,6,10,6,1,normal,0,6,0,6,LRPL Taylor,Sawai Mansingh Stadium,SK Tarapore,SJA Taufel,,0.987,1
501236,2011,8,01-05-2011,8,7,8,2,normal,0,8,19,0,JA Morkel,"MA Chidambaram Stadium, Chepauk",Aleem Dar,RB Tiffin,,1.05,1.288
501237,2011,4,02-05-2011,4,2,2,1,normal,0,4,23,0,KA Pollard,Wankhede Stadium,HDPK Dharmasena,PR Reiffel,,1.378,1.141
501238,2011,3,02-05-2011,3,9,9,1,normal,0,9,0,7,P Parameswaran,Feroz Shah Kotla,Asad Rauf,SL Shastri,,1.292,1
501239,2011,7,03-05-2011,7,5,7,1,normal,0,5,20,0,YK Pathan,"Rajiv Gandhi International Stadium, Uppal",S Asnani,RJ Tucker,,1.288,0.987
501240,2011,8,04-05-2011,8,6,6,2,normal,0,8,0,8,MEK Hussey,"MA Chidambaram Stadium, Chepauk",SS Hazare,RB Tiffin,,1.05,0.987
501241,2011,4,04-05-2011,10,4,10,1,normal,0,4,21,0,R Sharma,Dr DY Patil Sports Academy,HDPK Dharmasena,SJA Taufel,,1,1.378
501242,2011,21,05-05-2011,9,5,5,1,normal,0,9,17,0,BJ Hodge,Nehru Stadium,S Ravi,RJ Tucker,,1,0.987
501243,2011,7,05-05-2011,7,3,3,1,normal,0,3,0,4,V Sehwag,"Rajiv Gandhi International Stadium, Uppal",Asad Rauf,AM Saheba,,1.288,1.292
501244,2011,1,06-05-2011,1,2,2,1,normal,0,1,85,0,CH Gayle,M Chinnaswamy Stadium,Aleem Dar,RB Tiffin,,1.139,1.141
501245,2011,5,07-05-2011,5,8,8,2,normal,1,5,10,0,Iqbal Abdulla,Eden Gardens,Asad Rauf,PR Reiffel,,0.987,1.05
501246,2011,4,07-05-2011,4,3,3,1,normal,0,4,32,0,AT Rayudu,Wankhede Stadium,K Hariharan,SJA Taufel,,1.378,1.292
501247,2011,1,08-05-2011,1,9,9,2,normal,0,1,0,9,CH Gayle,M Chinnaswamy Stadium,Aleem Dar,SS Hazare,,1.139,1
501248,2011,2,08-05-2011,2,10,2,2,normal,0,10,0,5,R Sharma,"Punjab Cricket Association Stadium, Mohali",SK Tarapore,RJ Tucker,,1.141,1
501249,2011,6,09-05-2011,6,8,6,1,normal,0,8,63,0,M Vijay,Sawai Mansingh Stadium,K Hariharan,SJA Taufel,,0.987,1.05
501250,2011,7,10-05-2011,7,10,7,2,normal,0,10,0,6,MR Marsh,"Rajiv Gandhi International Stadium, Uppal",Asad Rauf,AM Saheba,,1.288,1
501251,2011,2,10-05-2011,2,4,4,1,normal,0,2,76,0,BA Bhatt,"Punjab Cricket Association Stadium, Mohali",SK Tarapore,RJ Tucker,,1.141,1.378
501252,2011,6,11-05-2011,6,1,1,1,normal,0,1,0,9,S Aravind,Sawai Mansingh Stadium,HDPK Dharmasena,K Hariharan,,0.987,1.139
501253,2011,8,12-05-2011,8,3,8,2,normal,0,8,18,0,MS Dhoni,"MA Chidambaram Stadium, Chepauk",AM Saheba,SL Shastri,,1.05,1.292
501254,2011,22,13-05-2011,9,2,2,1,normal,0,2,0,6,KD Karthik,Holkar Cricket Stadium,S Asnani,RJ Tucker,,1,1.141
501255,2011,1,14-05-2011,1,5,1,1,normal,1,1,0,4,CH Gayle,M Chinnaswamy Stadium,RE Koertzen,RB Tiffin,,1.139,0.987
501256,2011,4,14-05-2011,4,7,7,2,normal,0,7,10,0,A Mishra,Wankhede Stadium,S Ravi,SK Tarapore,,1.378,1.288
501257,2011,20,15-05-2011,2,3,3,1,normal,0,2,29,0,PP Chawla,Himachal Pradesh Cricket Association Stadium,Asad Rauf,SL Shastri,,1.141,1.292
501258,2011,22,15-05-2011,9,6,9,1,normal,0,9,0,8,BJ Hodge,Holkar Cricket Stadium,PR Reiffel,RJ Tucker,,1,0.987
501259,2011,4,16-05-2011,10,7,7,1,normal,0,7,0,6,A Mishra,Dr DY Patil Sports Academy,S Ravi,SK Tarapore,,1,1.288
501260,2011,20,17-05-2011,2,1,2,2,normal,0,2,111,0,AC Gilchrist,Himachal Pradesh Cricket Association Stadium,Asad Rauf,AM Saheba,,1.141,1.139
501261,2011,8,18-05-2011,8,9,8,2,normal,0,8,11,0,WP Saha,"MA Chidambaram Stadium, Chepauk",HDPK Dharmasena,RE Koertzen,,1.05,1
501262,2011,4,19-05-2011,10,5,5,1,normal,0,5,0,7,YK Pathan,Dr DY Patil Sports Academy,S Ravi,SJA Taufel,,1,0.987
501263,2011,4,20-05-2011,4,6,4,2,normal,0,6,0,10,SR Watson,Wankhede Stadium,RE Koertzen,PR Reiffel,,1.378,0.987
501264,2011,20,21-05-2011,2,7,2,1,normal,0,7,82,0,S Dhawan,Himachal Pradesh Cricket Association Stadium,Asad Rauf,AM Saheba,,1.141,1.288
501265,2011,3,21-05-2011,3,10,3,2,28,0,28,0,0,28,Feroz Shah Kotla,SS Hazare,RJ Tucker,,1.292,1
501266,2011,1,22-05-2011,1,8,1,1,normal,0,1,0,8,CH Gayle,M Chinnaswamy Stadium,K Hariharan,RE Koertzen,,1.139,1.05
501267,2011,5,22-05-2011,5,4,4,1,normal,0,4,0,5,JEC Franklin,Eden Gardens,SK Tarapore,SJA Taufel,,0.987,1.378
501268,2011,4,24-05-2011,1,8,8,1,normal,0,8,0,6,SK Raina,Wankhede Stadium,Asad Rauf,SJA Taufel,,1.139,1.05
501269,2011,4,25-05-2011,4,5,4,1,normal,0,4,0,4,MM Patel,Wankhede Stadium,Asad Rauf,SJA Taufel,,1.378,0.987
501270,2011,8,27-05-2011,1,4,4,1,normal,0,1,43,0,CH Gayle,"MA Chidambaram Stadium, Chepauk",Asad Rauf,SJA Taufel,,1.139,1.378
501271,2011,8,28-05-2011,8,1,8,2,normal,0,8,58,0,M Vijay,"MA Chidambaram Stadium, Chepauk",Asad Rauf,SJA Taufel,,1.05,1.139
548306,2012,8,04-04-2012,8,4,4,1,normal,0,4,0,8,RE Levi,"MA Chidambaram Stadium, Chepauk",JD Cloete,SJA Taufel,,1.05,1.378
548307,2012,5,05-04-2012,5,3,3,1,normal,0,3,0,8,IK Pathan,Eden Gardens,S Asnani,HDPK Dharmasena,,0.987,1.292
548308,2012,4,06-04-2012,4,10,4,1,normal,0,10,28,0,SPD Smith,Wankhede Stadium,AK Chaudhary,SJA Taufel,,1.378,1
548309,2012,6,06-04-2012,6,2,2,1,normal,0,6,31,0,AM Rahane,Sawai Mansingh Stadium,BF Bowden,SK Tarapore,,0.987,1.141
548310,2012,1,07-04-2012,1,3,3,1,normal,0,1,20,0,AB de Villiers,M Chinnaswamy Stadium,S Asnani,S Ravi,,1.139,1.292
548311,2012,23,07-04-2012,7,8,7,1,normal,0,8,74,0,RA Jadeja,Dr. Y.S. Rajasekhara Reddy ACA-VDCA Cricket Stadium,JD Cloete,HDPK Dharmasena,,1.288,1.05
548312,2012,6,08-04-2012,6,5,5,1,normal,0,6,22,0,BJ Hodge,Sawai Mansingh Stadium,BF Bowden,VA Kulkarni,,0.987,0.987
548313,2012,24,08-04-2012,10,2,10,2,normal,0,10,22,0,MN Samuels,Subrata Roy Sahara Stadium,S Das,SJA Taufel,,1,1.141
548314,2012,23,09-04-2012,7,4,7,2,normal,0,4,0,5,RG Sharma,Dr. Y.S. Rajasekhara Reddy ACA-VDCA Cricket Stadium,AK Chaudhary,JD Cloete,,1.288,1.378
548315,2012,1,10-04-2012,1,5,1,1,normal,0,5,42,0,L Balaji,M Chinnaswamy Stadium,S Ravi,RJ Tucker,,1.139,0.987
548316,2012,3,10-04-2012,3,8,3,1,normal,0,3,0,8,M Morkel,Feroz Shah Kotla,Asad Rauf,SK Tarapore,,1.292,1.05
548317,2012,4,11-04-2012,4,6,6,1,normal,0,4,27,0,KA Pollard,Wankhede Stadium,Aleem Dar,BNJ Oxenford,,1.378,0.987
548318,2012,8,12-04-2012,8,1,1,2,normal,0,8,0,5,F du Plessis,"MA Chidambaram Stadium, Chepauk",HDPK Dharmasena,RJ Tucker,,1.05,1.139
548319,2012,2,12-04-2012,2,10,2,1,normal,0,2,0,7,AD Mascarenhas,"Punjab Cricket Association Stadium, Mohali",VA Kulkarni,SK Tarapore,,1.141,1
548320,2012,5,13-04-2012,5,6,6,2,normal,0,5,0,5,Shakib Al Hasan,Eden Gardens,Asad Rauf,S Asnani,,0.987,0.987
548321,2012,3,19-04-2012,3,7,7,2,normal,0,3,0,5,KP Pietersen,Feroz Shah Kotla,BF Bowden,SK Tarapore,,1.292,1.288
548322,2012,24,14-04-2012,10,8,8,2,normal,0,10,0,7,JD Ryder,Subrata Roy Sahara Stadium,Aleem Dar,BNJ Oxenford,,1,1.05
548323,2012,5,15-04-2012,5,2,5,1,normal,0,2,2,0,SP Narine,Eden Gardens,Asad Rauf,S Asnani,,0.987,1.141
548324,2012,1,15-04-2012,1,6,6,2,normal,0,6,59,0,AM Rahane,M Chinnaswamy Stadium,JD Cloete,RJ Tucker,,1.139,0.987
548325,2012,4,16-04-2012,4,3,3,1,normal,0,3,0,7,S Nadeem,Wankhede Stadium,BF Bowden,SK Tarapore,,1.378,1.292
548326,2012,6,17-04-2012,6,7,7,2,normal,0,6,0,5,BJ Hodge,Sawai Mansingh Stadium,Aleem Dar,BNJ Oxenford,,0.987,1.288
548327,2012,1,17-04-2012,1,10,10,2,normal,0,1,0,6,CH Gayle,M Chinnaswamy Stadium,S Asnani,S Das,,1.139,1
548328,2012,2,18-04-2012,2,5,2,2,normal,0,5,0,8,G Gambhir,"Punjab Cricket Association Stadium, Mohali",JD Cloete,RJ Tucker,,1.141,0.987
548329,2012,7,10-05-2012,7,3,7,2,normal,0,3,0,9,DA Warner,"Rajiv Gandhi International Stadium, Uppal",JD Cloete,SJA Taufel,,1.288,1.292
548330,2012,8,19-04-2012,8,10,10,1,normal,0,8,13,0,KMDN Kulasekara,"MA Chidambaram Stadium, Chepauk",Asad Rauf,S Das,,1.05,1
548331,2012,2,20-04-2012,2,1,1,1,normal,0,1,0,5,CH Gayle,"Punjab Cricket Association Stadium, Mohali",S Ravi,RJ Tucker,,1.141,1.139
548332,2012,8,21-04-2012,8,6,6,2,normal,0,8,0,7,F du Plessis,"MA Chidambaram Stadium, Chepauk",Aleem Dar,BNJ Oxenford,,1.05,0.987
548333,2012,3,21-04-2012,3,10,3,1,normal,0,10,20,0,SC Ganguly,Feroz Shah Kotla,Asad Rauf,S Das,,1.292,1
548334,2012,4,22-04-2012,4,2,4,2,normal,0,2,0,6,SE Marsh,Wankhede Stadium,S Ravi,RJ Tucker,,1.378,1.141
548335,2012,18,22-04-2012,7,5,5,1,normal,0,5,0,5,B Lee,Barabati Stadium,BF Bowden,SK Tarapore,,1.288,0.987
548336,2012,6,23-04-2012,6,1,6,1,normal,0,1,46,0,AB de Villiers,Sawai Mansingh Stadium,Asad Rauf,S Asnani,,0.987,1.139
548337,2012,24,24-04-2012,10,3,10,2,normal,0,3,0,8,V Sehwag,Subrata Roy Sahara Stadium,S Ravi,RJ Tucker,,1,1.292
548339,2012,2,25-04-2012,2,4,2,2,normal,0,4,0,4,AT Rayudu,"Punjab Cricket Association Stadium, Mohali",Aleem Dar,BNJ Oxenford,,1.141,1.378
548341,2012,24,26-04-2012,10,7,7,2,normal,0,7,18,0,CL White,Subrata Roy Sahara Stadium,S Ravi,RJ Tucker,,1,1.288
548342,2012,3,27-04-2012,3,4,4,1,normal,0,3,37,0,V Sehwag,Feroz Shah Kotla,Aleem Dar,BNJ Oxenford,,1.292,1.378
548343,2012,8,28-04-2012,8,2,2,2,normal,0,2,7,0,Mandeep Singh,"MA Chidambaram Stadium, Chepauk",BF Bowden,SK Tarapore,,1.05,1.141
548344,2012,5,28-04-2012,5,1,5,2,normal,0,5,47,0,G Gambhir,Eden Gardens,Asad Rauf,BR Doctrove,,0.987,1.139
548345,2012,3,29-04-2012,3,6,3,2,normal,0,3,1,0,V Sehwag,Feroz Shah Kotla,S Ravi,RJ Tucker,,1.292,0.987
548346,2012,4,29-04-2012,4,7,4,1,normal,0,4,0,5,DW Steyn,Wankhede Stadium,AK Chaudhary,BNJ Oxenford,,1.378,1.288
548347,2012,8,30-04-2012,8,5,8,2,normal,0,5,0,5,G Gambhir,"MA Chidambaram Stadium, Chepauk",BF Bowden,C Shamshuddin,,1.05,0.987
548348,2012,18,01-05-2012,7,10,7,2,normal,0,7,13,0,KC Sangakkara,Barabati Stadium,Aleem Dar,AK Chaudhary,,1.288,1
548349,2012,6,01-05-2012,6,3,6,2,normal,0,3,0,6,P Negi,Sawai Mansingh Stadium,JD Cloete,SJA Taufel,,0.987,1.292
548350,2012,1,02-05-2012,1,2,2,1,normal,0,2,0,4,Azhar Mahmood,M Chinnaswamy Stadium,BF Bowden,C Shamshuddin,,1.139,1.141
548351,2012,24,03-05-2012,10,4,4,2,normal,0,4,1,0,SL Malinga,Subrata Roy Sahara Stadium,Asad Rauf,S Asnani,,1,1.378
548352,2012,8,04-05-2012,8,7,8,2,normal,0,8,10,0,SK Raina,"MA Chidambaram Stadium, Chepauk",HDPK Dharmasena,BNJ Oxenford,,1.05,1.288
548353,2012,5,05-05-2012,5,10,5,2,normal,0,5,7,0,SP Narine,Eden Gardens,BF Bowden,SK Tarapore,,0.987,1
548354,2012,2,05-05-2012,2,6,6,2,normal,0,6,43,0,SR Watson,"Punjab Cricket Association Stadium, Mohali",JD Cloete,SJA Taufel,,1.141,0.987
548355,2012,4,06-05-2012,4,8,4,1,normal,0,4,0,2,DR Smith,Wankhede Stadium,Asad Rauf,S Asnani,,1.378,1.05
548356,2012,1,06-05-2012,1,7,1,1,normal,0,1,0,5,AB de Villiers,M Chinnaswamy Stadium,HDPK Dharmasena,BNJ Oxenford,,1.139,1.288
548357,2012,3,07-05-2012,3,5,3,2,normal,0,5,0,6,JH Kallis,Feroz Shah Kotla,JD Cloete,S Ravi,,1.292,0.987
548358,2012,24,08-05-2012,10,6,10,2,normal,0,6,0,7,SR Watson,Subrata Roy Sahara Stadium,Asad Rauf,BR Doctrove,,1,0.987
548359,2012,7,08-05-2012,7,2,7,1,normal,0,2,25,0,Mandeep Singh,"Rajiv Gandhi International Stadium, Uppal",HDPK Dharmasena,BNJ Oxenford,,1.288,1.141
548360,2012,4,09-05-2012,4,1,1,1,normal,0,1,0,9,CH Gayle,Wankhede Stadium,BF Bowden,VA Kulkarni,,1.378,1.139
548361,2012,6,10-05-2012,6,8,8,1,normal,0,8,0,4,BW Hilfenhaus,Sawai Mansingh Stadium,BNJ Oxenford,C Shamshuddin,,0.987,1.05
548362,2012,24,11-05-2012,10,1,10,1,normal,0,1,35,0,CH Gayle,Subrata Roy Sahara Stadium,BF Bowden,SK Tarapore,,1,1.139
548363,2012,5,12-05-2012,5,4,4,2,normal,0,4,27,0,RG Sharma,Eden Gardens,S Ravi,SJA Taufel,,0.987,1.378
548364,2012,8,12-05-2012,8,3,8,1,normal,0,8,0,9,BW Hilfenhaus,"MA Chidambaram Stadium, Chepauk",S Das,BR Doctrove,,1.05,1.292
548365,2012,6,13-05-2012,6,10,6,2,normal,0,6,45,0,A Chandila,Sawai Mansingh Stadium,BF Bowden,SK Tarapore,,0.987,1
548366,2012,2,13-05-2012,2,7,7,2,normal,0,2,0,4,DJ Hussey,"Punjab Cricket Association Stadium, Mohali",HDPK Dharmasena,BNJ Oxenford,,1.141,1.288
548367,2012,1,14-05-2012,1,4,4,1,normal,0,4,0,5,AT Rayudu,M Chinnaswamy Stadium,S Das,BR Doctrove,,1.139,1.378
548368,2012,5,14-05-2012,5,8,8,1,normal,0,8,0,5,MEK Hussey,Eden Gardens,JD Cloete,SJA Taufel,,0.987,1.05
548369,2012,3,15-05-2012,3,2,2,2,normal,0,3,0,5,UT Yadav,Feroz Shah Kotla,HDPK Dharmasena,BNJ Oxenford,,1.292,1.141
548370,2012,4,16-05-2012,4,5,4,1,normal,0,5,32,0,SP Narine,Wankhede Stadium,S Das,BR Doctrove,,1.378,0.987
548371,2012,20,17-05-2012,2,8,2,1,normal,0,2,0,6,AC Gilchrist,Himachal Pradesh Cricket Association Stadium,VA Kulkarni,SK Tarapore,,1.141,1.05
548372,2012,3,17-05-2012,3,1,3,1,normal,0,1,21,0,CH Gayle,Feroz Shah Kotla,HDPK Dharmasena,C Shamshuddin,,1.292,1.139
548373,2012,7,18-05-2012,7,6,6,2,normal,0,7,0,5,DW Steyn,"Rajiv Gandhi International Stadium, Uppal",S Ravi,SJA Taufel,,1.288,0.987
548374,2012,20,19-05-2012,2,3,3,1,normal,0,3,0,6,UT Yadav,Himachal Pradesh Cricket Association Stadium,BF Bowden,VA Kulkarni,,1.141,1.292
548375,2012,24,19-05-2012,10,5,5,2,normal,0,5,34,0,Shakib Al Hasan,Subrata Roy Sahara Stadium,S Asnani,BR Doctrove,,1,0.987
548376,2012,7,20-05-2012,7,1,1,1,normal,0,7,9,0,DW Steyn,"Rajiv Gandhi International Stadium, Uppal",S Ravi,SJA Taufel,,1.288,1.139
548377,2012,6,20-05-2012,6,4,6,2,normal,0,4,0,10,DR Smith,Sawai Mansingh Stadium,HDPK Dharmasena,C Shamshuddin,,0.987,1.378
548378,2012,24,22-05-2012,3,5,5,2,normal,0,5,18,0,YK Pathan,Subrata Roy Sahara Stadium,BR Doctrove,SJA Taufel,,1.292,0.987
548379,2012,1,23-05-2012,8,4,4,1,normal,0,8,38,0,MS Dhoni,M Chinnaswamy Stadium,BF Bowden,HDPK Dharmasena,,1.05,1.378
548380,2012,8,25-05-2012,3,8,3,1,normal,0,8,86,0,M Vijay,"MA Chidambaram Stadium, Chepauk",BR Doctrove,SJA Taufel,,1.292,1.05
548381,2012,8,27-05-2012,5,8,8,2,normal,0,5,0,5,MS Bisla,"MA Chidambaram Stadium, Chepauk",BF Bowden,SJA Taufel,,0.987,1.05
597998,2013,5,03-04-2013,5,3,5,1,normal,0,5,0,6,SP Narine,Eden Gardens,S Ravi,SJA Taufel,,0.987,1.292
597999,2013,1,04-04-2013,1,4,4,1,normal,0,1,2,0,CH Gayle,M Chinnaswamy Stadium,VA Kulkarni,C Shamshuddin,,1.139,1.378
598000,2013,7,05-04-2013,11,10,10,1,normal,0,11,22,0,A Mishra,"Rajiv Gandhi International Stadium, Uppal",S Ravi,SJA Taufel,,1.288,1
598001,2013,3,06-04-2013,3,6,6,2,normal,0,6,5,0,R Dravid,Feroz Shah Kotla,S Das,C Shamshuddin,,1.292,0.987
598002,2013,8,06-04-2013,8,4,4,2,normal,0,4,9,0,KA Pollard,"MA Chidambaram Stadium, Chepauk",M Erasmus,VA Kulkarni,,1.05,1.378
598003,2013,24,07-04-2013,10,2,10,2,normal,0,2,0,8,M Vohra,Subrata Roy Sahara Stadium,S Asnani,SJA Taufel,,1,1.141
598004,2013,7,07-04-2013,11,1,1,2,tie,0,11,0,0,GH Vihari,"Rajiv Gandhi International Stadium, Uppal",AK Chaudhary,S Ravi,,1.288,1.139
598005,2013,6,08-04-2013,6,5,5,1,normal,0,6,19,0,SK Trivedi,Sawai Mansingh Stadium,Aleem Dar,S Das,,0.987,0.987
598006,2013,4,09-04-2013,4,3,4,2,normal,0,4,44,0,KD Karthik,Wankhede Stadium,M Erasmus,VA Kulkarni,,1.378,1.292
598007,2013,2,10-04-2013,2,8,8,1,normal,0,8,0,10,MEK Hussey,"Punjab Cricket Association Stadium, Mohali",Aleem Dar,C Shamshuddin,,1.141,1.05
598008,2013,1,11-04-2013,1,5,1,1,normal,0,1,0,8,CH Gayle,M Chinnaswamy Stadium,Asad Rauf,AK Chaudhary,,1.139,0.987
598009,2013,24,11-04-2013,10,6,6,2,normal,0,10,0,7,AJ Finch,Subrata Roy Sahara Stadium,M Erasmus,K Srinath,,1,0.987
598010,2013,3,12-04-2013,3,11,3,2,normal,0,11,0,3,A Mishra,Feroz Shah Kotla,Aleem Dar,Subroto Das,,1.292,1.288
598011,2013,4,13-04-2013,4,10,4,2,normal,0,4,41,0,RG Sharma,Wankhede Stadium,S Ravi,SJA Taufel,,1.378,1
598012,2013,8,13-04-2013,8,1,8,1,normal,0,8,0,4,RA Jadeja,"MA Chidambaram Stadium, Chepauk",Asad Rauf,AK Chaudhary,,1.05,1.139
598013,2013,5,14-04-2013,5,11,5,2,normal,0,5,48,0,G Gambhir,Eden Gardens,M Erasmus,VA Kulkarni,,0.987,1.288
598014,2013,6,14-04-2013,6,2,6,1,normal,0,6,0,6,JP Faulkner,Sawai Mansingh Stadium,Aleem Dar,C Shamshuddin,,0.987,1.141
598015,2013,8,15-04-2013,8,10,10,2,normal,0,10,24,0,SPD Smith,"MA Chidambaram Stadium, Chepauk",Asad Rauf,AK Chaudhary,,1.05,1
598016,2013,2,16-04-2013,2,5,5,1,normal,0,2,4,0,MS Gony,"Punjab Cricket Association Stadium, Mohali",CK Nandan,SJA Taufel,,1.141,0.987
598017,2013,1,16-04-2013,1,3,1,1,tie,0,1,0,0,V Kohli,M Chinnaswamy Stadium,M Erasmus,VA Kulkarni,,1.139,1.292
598018,2013,24,17-04-2013,10,11,10,1,normal,0,11,11,0,A Mishra,Subrata Roy Sahara Stadium,Asad Rauf,AK Chaudhary,,1,1.288
598019,2013,6,17-04-2013,6,4,6,2,normal,0,6,87,0,AM Rahane,Sawai Mansingh Stadium,Aleem Dar,C Shamshuddin,,0.987,1.378
598020,2013,3,18-04-2013,3,8,8,2,normal,0,8,86,0,MEK Hussey,Feroz Shah Kotla,M Erasmus,VA Kulkarni,,1.292,1.05
598021,2013,7,19-04-2013,11,2,2,2,normal,0,11,0,5,GH Vihari,"Rajiv Gandhi International Stadium, Uppal",HDPK Dharmasena,CK Nandan,,1.288,1.141
598022,2013,5,20-04-2013,5,8,5,2,normal,0,8,0,4,RA Jadeja,Eden Gardens,Asad Rauf,AK Chaudhary,,0.987,1.05
598023,2013,1,20-04-2013,1,6,1,1,normal,0,1,0,7,R Vinay Kumar,M Chinnaswamy Stadium,Aleem Dar,C Shamshuddin,,1.139,0.987
598024,2013,3,21-04-2013,3,4,4,2,normal,0,3,0,9,V Sehwag,Feroz Shah Kotla,HDPK Dharmasena,S Ravi,,1.292,1.378
598025,2013,2,21-04-2013,2,10,2,1,normal,0,2,0,7,DA Miller,"Punjab Cricket Association Stadium, Mohali",M Erasmus,K Srinath,,1.141,1
598026,2013,8,22-04-2013,8,6,6,2,normal,0,8,0,5,MEK Hussey,"MA Chidambaram Stadium, Chepauk",S Asnani,AK Chaudhary,,1.05,0.987
598027,2013,1,23-04-2013,1,10,10,1,normal,0,1,130,0,CH Gayle,M Chinnaswamy Stadium,Aleem Dar,C Shamshuddin,,1.139,1
598028,2013,20,16-05-2013,2,3,3,1,normal,0,2,7,0,DA Miller,Himachal Pradesh Cricket Association Stadium,HDPK Dharmasena,S Ravi,,1.141,1.292
598029,2013,5,24-04-2013,5,4,5,2,normal,0,4,0,5,DR Smith,Eden Gardens,HDPK Dharmasena,S Ravi,,0.987,1.378
598030,2013,8,25-04-2013,8,11,11,2,normal,0,8,0,5,MS Dhoni,"MA Chidambaram Stadium, Chepauk",Aleem Dar,S Das,,1.05,1.288
598031,2013,5,26-04-2013,5,2,2,2,normal,0,5,0,6,JH Kallis,Eden Gardens,CK Nandan,S Ravi,,0.987,1.141
598032,2013,6,27-04-2013,6,11,11,2,normal,0,6,0,8,JP Faulkner,Sawai Mansingh Stadium,VA Kulkarni,K Srinath,,0.987,1.288
598033,2013,4,27-04-2013,4,1,4,2,normal,0,4,58,0,DR Smith,Wankhede Stadium,Asad Rauf,S Asnani,,1.378,1.139
598034,2013,8,28-04-2013,8,5,5,1,normal,0,8,14,0,MEK Hussey,"MA Chidambaram Stadium, Chepauk",Aleem Dar,SJA Taufel,,1.05,0.987
598035,2013,25,28-04-2013,3,10,10,1,normal,0,3,15,0,DA Warner,Shaheed Veer Narayan Singh International Stadium,CK Nandan,S Ravi,,1.292,1
598036,2013,6,29-04-2013,6,1,6,1,normal,0,6,0,4,SV Samson,Sawai Mansingh Stadium,M Erasmus,K Srinath,,0.987,1.139
598037,2013,4,29-04-2013,4,2,4,2,normal,0,4,4,0,RG Sharma,Wankhede Stadium,Asad Rauf,AK Chaudhary,,1.378,1.141
598038,2013,24,30-04-2013,10,8,8,2,normal,0,8,37,0,MS Dhoni,Subrata Roy Sahara Stadium,S Das,SJA Taufel,,1,1.05
598039,2013,7,01-05-2013,11,4,4,2,normal,0,11,0,7,I Sharma,"Rajiv Gandhi International Stadium, Uppal",Asad Rauf,S Asnani,,1.288,1.378
598040,2013,25,01-05-2013,3,5,5,2,normal,0,3,0,7,DA Warner,Shaheed Veer Narayan Singh International Stadium,HDPK Dharmasena,CK Nandan,,1.292,0.987
598041,2013,8,02-05-2013,8,2,8,2,normal,0,8,15,0,SK Raina,"MA Chidambaram Stadium, Chepauk",M Erasmus,VA Kulkarni,,1.05,1.141
598042,2013,24,02-05-2013,10,1,1,2,normal,0,1,17,0,AB de Villiers,Subrata Roy Sahara Stadium,Aleem Dar,C Shamshuddin,,1,1.139
598043,2013,5,03-05-2013,5,6,6,2,normal,0,5,0,8,YK Pathan,Eden Gardens,HDPK Dharmasena,CK Nandan,,0.987,0.987
598044,2013,7,04-05-2013,11,3,3,2,normal,0,11,0,6,DJG Sammy,"Rajiv Gandhi International Stadium, Uppal",Asad Rauf,S Asnani,,1.288,1.292
598045,2013,1,14-05-2013,1,2,2,1,normal,0,2,0,7,AC Gilchrist,M Chinnaswamy Stadium,HDPK Dharmasena,S Ravi,,1.139,1.141
598046,2013,4,05-05-2013,4,8,4,2,normal,0,4,60,0,MG Johnson,Wankhede Stadium,HDPK Dharmasena,CK Nandan,,1.378,1.05
598047,2013,6,05-05-2013,6,10,10,2,normal,0,6,0,5,AM Rahane,Sawai Mansingh Stadium,C Shamshuddin,RJ Tucker,,0.987,1
598048,2013,1,09-04-2013,1,11,11,2,normal,0,1,0,7,V Kohli,M Chinnaswamy Stadium,S Ravi,SJA Taufel,,1.139,1.288
598049,2013,6,07-05-2013,6,3,3,2,normal,0,6,0,9,AM Rahane,Sawai Mansingh Stadium,Aleem Dar,RJ Tucker,,0.987,1.292
598050,2013,4,07-05-2013,4,5,4,2,normal,0,4,65,0,SR Tendulkar,Wankhede Stadium,HDPK Dharmasena,S Ravi,,1.378,0.987
598051,2013,7,08-05-2013,11,8,11,1,normal,0,8,77,0,SK Raina,"Rajiv Gandhi International Stadium, Uppal",S Das,NJ Llong,,1.288,1.05
598052,2013,2,09-05-2013,2,6,6,1,normal,0,6,0,8,KK Cooper,"Punjab Cricket Association Stadium, Mohali",HDPK Dharmasena,S Ravi,,1.141,0.987
598053,2013,24,09-05-2013,10,5,5,2,normal,0,5,46,0,G Gambhir,Subrata Roy Sahara Stadium,Asad Rauf,S Asnani,,1,0.987
598054,2013,3,10-05-2013,3,1,3,1,normal,0,1,4,0,JD Unadkat,Feroz Shah Kotla,NJ Llong,K Srinath,,1.292,1.139
598055,2013,24,11-05-2013,10,4,10,2,normal,0,4,0,5,MG Johnson,Subrata Roy Sahara Stadium,Asad Rauf,AK Chaudhary,,1,1.378
598056,2013,2,11-05-2013,2,11,2,1,normal,0,11,30,0,PA Patel,"Punjab Cricket Association Stadium, Mohali",S Das,RJ Tucker,,1.141,1.288
598057,2013,26,12-05-2013,5,1,5,1,normal,0,5,0,5,JH Kallis,JSCA International Stadium Complex,NJ Llong,K Srinath,,0.987,1.139
598058,2013,6,12-05-2013,6,8,6,1,normal,0,6,0,5,SR Watson,Sawai Mansingh Stadium,HDPK Dharmasena,CK Nandan,,0.987,1.05
598059,2013,3,23-04-2013,3,2,2,1,normal,0,2,0,5,Harmeet Singh,Feroz Shah Kotla,VA Kulkarni,K Srinath,,1.292,1.141
598060,2013,4,13-05-2013,4,11,11,2,normal,0,4,0,7,KA Pollard,Wankhede Stadium,AK Chaudhary,SJA Taufel,,1.378,1.288
598061,2013,26,15-05-2013,5,10,5,1,normal,0,10,7,0,MK Pandey,JSCA International Stadium Complex,NJ Llong,K Srinath,,0.987,1
598062,2013,8,14-05-2013,8,3,8,2,normal,0,8,33,0,MS Dhoni,"MA Chidambaram Stadium, Chepauk",C Shamshuddin,RJ Tucker,,1.05,1.292
598063,2013,4,15-05-2013,4,6,6,1,normal,0,4,14,0,AP Tare,Wankhede Stadium,Asad Rauf,S Asnani,,1.378,0.987
598064,2013,2,06-05-2013,2,1,2,1,normal,0,2,0,6,DA Miller,"Punjab Cricket Association Stadium, Mohali",VA Kulkarni,NJ Llong,,1.141,1.139
598065,2013,7,17-05-2013,11,6,11,2,normal,0,11,23,0,A Mishra,"Rajiv Gandhi International Stadium, Uppal",Asad Rauf,AK Chaudhary,,1.288,0.987
598066,2013,20,18-05-2013,2,4,4,1,normal,0,2,50,0,Azhar Mahmood,Himachal Pradesh Cricket Association Stadium,HDPK Dharmasena,CK Nandan,,1.141,1.378
598067,2013,24,19-05-2013,10,3,10,2,normal,0,10,38,0,LJ Wright,Subrata Roy Sahara Stadium,NJ Llong,SJA Taufel,,1,1.292
598068,2013,1,18-05-2013,1,8,8,1,normal,0,1,24,0,V Kohli,M Chinnaswamy Stadium,C Shamshuddin,RJ Tucker,,1.139,1.05
598069,2013,7,19-05-2013,11,5,5,2,normal,0,11,0,5,PA Patel,"Rajiv Gandhi International Stadium, Uppal",Asad Rauf,S Asnani,,1.288,0.987
598070,2013,3,21-05-2013,8,4,8,2,normal,0,8,48,0,MEK Hussey,Feroz Shah Kotla,NJ Llong,RJ Tucker,,1.05,1.378
598071,2013,3,22-05-2013,6,11,11,2,normal,0,6,0,4,BJ Hodge,Feroz Shah Kotla,S Ravi,RJ Tucker,,0.987,1.288
598072,2013,5,24-05-2013,4,6,6,2,normal,0,4,0,4,Harbhajan Singh,Eden Gardens,C Shamshuddin,SJA Taufel,,1.378,0.987
598073,2013,5,26-05-2013,8,4,4,2,normal,0,4,23,0,KA Pollard,Eden Gardens,HDPK Dharmasena,SJA Taufel,,1.05,1.378
729279,2014,27,16-04-2014,4,5,5,2,normal,0,5,41,0,JH Kallis,Sheikh Zayed Stadium,M Erasmus,RK Illingworth,,1.378,0.987
729281,2014,28,17-04-2014,3,1,1,1,normal,0,1,0,8,YS Chahal,Sharjah Cricket Stadium,Aleem Dar,S Ravi,,1.292,1.139
729283,2014,27,18-04-2014,8,2,8,2,normal,0,2,0,6,GJ Maxwell,Sheikh Zayed Stadium,RK Illingworth,C Shamshuddin,,1.05,1.141
729285,2014,27,18-04-2014,11,6,6,1,normal,0,6,0,4,AM Rahane,Sheikh Zayed Stadium,BF Bowden,RK Illingworth,,1.288,0.987
729287,2014,28,19-04-2014,1,4,1,1,normal,0,1,0,7,PA Patel,Dubai International Cricket Stadium,Aleem Dar,AK Chaudhary,,1.139,1.378
729289,2014,28,19-04-2014,5,3,5,2,normal,0,3,0,4,JP Duminy,Dubai International Cricket Stadium,Aleem Dar,VA Kulkarni,,0.987,1.292
729291,2014,28,20-04-2014,6,2,2,1,normal,0,2,0,7,GJ Maxwell,Sharjah Cricket Stadium,BF Bowden,M Erasmus,,0.987,1.141
729293,2014,27,21-04-2014,8,3,8,2,normal,0,8,93,0,SK Raina,Sheikh Zayed Stadium,RK Illingworth,C Shamshuddin,,1.05,1.292
729295,2014,28,22-04-2014,2,11,11,1,normal,0,2,72,0,GJ Maxwell,Sharjah Cricket Stadium,M Erasmus,S Ravi,,1.141,1.288
729297,2014,28,23-04-2014,6,8,6,1,normal,0,8,7,0,RA Jadeja,Dubai International Cricket Stadium,HDPK Dharmasena,RK Illingworth,,0.987,1.05
729299,2014,28,24-04-2014,1,5,1,1,normal,0,5,2,0,CA Lynn,Sharjah Cricket Stadium,Aleem Dar,VA Kulkarni,,1.139,0.987
729301,2014,28,25-04-2014,11,3,11,2,normal,0,11,4,0,AJ Finch,Dubai International Cricket Stadium,M Erasmus,S Ravi,,1.288,1.292
729303,2014,28,25-04-2014,8,4,4,2,normal,0,8,0,7,MM Sharma,Dubai International Cricket Stadium,BF Bowden,M Erasmus,,1.05,1.378
729305,2014,27,26-04-2014,6,1,6,1,normal,0,6,0,6,PV Tambe,Sheikh Zayed Stadium,HDPK Dharmasena,C Shamshuddin,,0.987,1.139
729307,2014,27,26-04-2014,5,2,5,1,normal,0,2,23,0,Sandeep Sharma,Sheikh Zayed Stadium,HDPK Dharmasena,RK Illingworth,,0.987,1.141
729309,2014,28,27-04-2014,3,4,4,2,normal,0,3,0,6,M Vijay,Sharjah Cricket Stadium,Aleem Dar,VA Kulkarni,,1.292,1.378
729311,2014,28,27-04-2014,11,8,11,2,normal,0,8,0,5,DR Smith,Sharjah Cricket Stadium,AK Chaudhary,VA Kulkarni,,1.288,1.05
729313,2014,28,28-04-2014,2,1,2,1,normal,0,2,0,5,Sandeep Sharma,Dubai International Cricket Stadium,BF Bowden,S Ravi,,1.141,1.139
729315,2014,27,29-04-2014,5,6,6,2,tie,0,6,0,0,JP Faulkner,Sheikh Zayed Stadium,Aleem Dar,AK Chaudhary,,0.987,0.987
729317,2014,28,30-04-2014,4,11,4,1,normal,0,11,15,0,B Kumar,Dubai International Cricket Stadium,HDPK Dharmasena,M Erasmus,,1.378,1.288
733971,2014,26,02-05-2014,8,5,8,2,normal,0,8,34,0,RA Jadeja,JSCA International Stadium Complex,AK Chaudhary,NJ Llong,,1.05,0.987
733973,2014,4,03-05-2014,4,2,2,2,normal,0,4,0,5,CJ Anderson,Wankhede Stadium,BNJ Oxenford,C Shamshuddin,,1.378,1.141
733975,2014,3,03-05-2014,3,6,6,1,normal,0,6,0,7,KK Nair,Feroz Shah Kotla,SS Hazare,S Ravi,,1.292,0.987
733977,2014,1,04-05-2014,1,11,1,1,normal,0,1,0,4,AB de Villiers,M Chinnaswamy Stadium,HDPK Dharmasena,VA Kulkarni,,1.139,1.288
733979,2014,17,05-05-2014,6,5,5,1,normal,0,6,10,0,PV Tambe,"Sardar Patel Stadium, Motera",NJ Llong,CK Nandan,,0.987,0.987
733981,2014,3,05-05-2014,3,8,8,1,normal,0,8,0,8,DR Smith,Feroz Shah Kotla,RM Deshpande,BNJ Oxenford,,1.292,1.05
733983,2014,4,06-05-2014,4,1,1,1,normal,0,4,19,0,RG Sharma,Wankhede Stadium,S Ravi,K Srinath,,1.378,1.139
733985,2014,3,07-05-2014,3,5,3,2,normal,0,5,0,8,G Gambhir,Feroz Shah Kotla,BNJ Oxenford,C Shamshuddin,,1.292,0.987
733987,2014,18,07-05-2014,2,8,8,1,normal,0,2,44,0,GJ Maxwell,Barabati Stadium,HDPK Dharmasena,PG Pathak,,1.141,1.05
733989,2014,17,08-05-2014,6,11,6,1,normal,0,11,32,0,B Kumar,"Sardar Patel Stadium, Motera",AK Chaudhary,NJ Llong,,0.987,1.288
733991,2014,1,09-05-2014,1,2,1,1,normal,0,2,32,0,Sandeep Sharma,M Chinnaswamy Stadium,S Ravi,K Srinath,,1.139,1.141
733993,2014,3,10-05-2014,3,11,11,1,normal,1,11,0,8,DW Steyn,Feroz Shah Kotla,RM Deshpande,BNJ Oxenford,,1.292,1.288
733995,2014,4,10-05-2014,4,8,8,1,normal,0,8,0,4,DR Smith,Wankhede Stadium,HDPK Dharmasena,VA Kulkarni,,1.378,1.05
733997,2014,18,11-05-2014,2,5,5,1,normal,0,5,0,9,G Gambhir,Barabati Stadium,NJ Llong,CK Nandan,,1.141,0.987
733999,2014,1,11-05-2014,1,6,1,2,normal,0,6,0,5,JP Faulkner,M Chinnaswamy Stadium,S Ravi,RJ Tucker,,1.139,0.987
734001,2014,7,12-05-2014,11,4,11,2,normal,0,4,0,7,AT Rayudu,"Rajiv Gandhi International Stadium, Uppal",HDPK Dharmasena,VA Kulkarni,,1.288,1.378
734003,2014,26,13-05-2014,8,6,6,2,normal,0,8,0,5,RA Jadeja,JSCA International Stadium Complex,BNJ Oxenford,C Shamshuddin,,1.05,0.987
734005,2014,1,13-05-2014,1,3,3,1,normal,0,1,16,0,Yuvraj Singh,M Chinnaswamy Stadium,K Srinath,RJ Tucker,,1.139,1.292
734007,2014,7,14-05-2014,11,2,2,1,normal,0,2,0,6,WP Saha,"Rajiv Gandhi International Stadium, Uppal",VA Kulkarni,PG Pathak,,1.288,1.141
734009,2014,18,14-05-2014,5,4,5,1,normal,0,5,0,6,RV Uthappa,Barabati Stadium,AK Chaudhary,NJ Llong,,0.987,1.378
734011,2014,17,15-05-2014,6,3,3,1,normal,0,6,62,0,AM Rahane,"Sardar Patel Stadium, Motera",S Ravi,RJ Tucker,,0.987,1.292
734013,2014,26,18-05-2014,8,1,8,2,normal,0,1,0,5,AB de Villiers,JSCA International Stadium Complex,BNJ Oxenford,C Shamshuddin,,1.05,1.139
734015,2014,7,18-05-2014,11,5,11,2,normal,0,5,0,7,UT Yadav,"Rajiv Gandhi International Stadium, Uppal",NJ Llong,CK Nandan,,1.288,0.987
734017,2014,17,19-05-2014,6,4,4,2,normal,0,4,25,0,MEK Hussey,"Sardar Patel Stadium, Motera",S Ravi,RJ Tucker,,0.987,1.378
734019,2014,3,19-05-2014,3,2,2,1,normal,0,2,0,4,AR Patel,Feroz Shah Kotla,HDPK Dharmasena,PG Pathak,,1.292,1.141
734021,2014,7,20-05-2014,11,1,1,2,normal,0,11,0,7,DA Warner,"Rajiv Gandhi International Stadium, Uppal",AK Chaudhary,NJ Llong,,1.288,1.139
734023,2014,5,20-05-2014,5,8,5,1,normal,0,5,0,8,RV Uthappa,Eden Gardens,RM Deshpande,C Shamshuddin,,0.987,1.05
734025,2014,2,21-05-2014,2,4,4,1,normal,0,4,0,7,LMP Simmons,"Punjab Cricket Association Stadium, Mohali",HDPK Dharmasena,VA Kulkarni,,1.141,1.378
734027,2014,5,22-05-2014,5,1,1,1,normal,0,5,30,0,RV Uthappa,Eden Gardens,AK Chaudhary,CK Nandan,,0.987,1.139
734029,2014,26,22-05-2014,8,11,11,1,normal,0,11,0,6,DA Warner,JSCA International Stadium Complex,BNJ Oxenford,C Shamshuddin,,1.05,1.288
734031,2014,4,23-05-2014,4,3,3,1,normal,0,4,15,0,MEK Hussey,Wankhede Stadium,S Ravi,RJ Tucker,,1.378,1.292
734033,2014,2,23-05-2014,2,6,6,1,normal,0,2,16,0,SE Marsh,"Punjab Cricket Association Stadium, Mohali",HDPK Dharmasena,PG Pathak,,1.141,0.987
734035,2014,1,24-05-2014,1,8,8,1,normal,0,8,0,8,MS Dhoni,M Chinnaswamy Stadium,AK Chaudhary,NJ Llong,,1.139,1.05
734037,2014,5,24-05-2014,5,11,5,1,normal,0,5,0,4,YK Pathan,Eden Gardens,RM Deshpande,BNJ Oxenford,,0.987,1.288
734039,2014,2,25-05-2014,2,3,2,1,normal,0,2,0,7,M Vohra,"Punjab Cricket Association Stadium, Mohali",HDPK Dharmasena,VA Kulkarni,,1.141,1.292
734041,2014,4,25-05-2014,4,6,4,1,normal,0,4,0,5,CJ Anderson,Wankhede Stadium,K Srinath,RJ Tucker,,1.378,0.987
734043,2014,5,27-05-2014,2,5,2,1,normal,0,5,28,0,UT Yadav,Eden Gardens,NJ Llong,S Ravi,,1.141,0.987
734045,2014,4,28-05-2014,8,4,8,1,normal,0,8,0,7,SK Raina,Brabourne Stadium,VA Kulkarni,BNJ Oxenford,,1.05,1.378
734047,2014,4,30-05-2014,8,2,8,1,normal,0,2,24,0,V Sehwag,Wankhede Stadium,HDPK Dharmasena,RJ Tucker,,1.05,1.141
734049,2014,1,01-06-2014,5,2,5,1,normal,0,5,0,3,MK Pandey,M Chinnaswamy Stadium,HDPK Dharmasena,BNJ Oxenford,,0.987,1.141
829705,2015,5,08-04-2015,5,4,5,1,normal,0,5,0,7,M Morkel,Eden Gardens,S Ravi,C Shamshuddin,,0.987,1.378
829707,2015,8,09-04-2015,8,3,3,1,normal,0,8,1,0,A Nehra,"MA Chidambaram Stadium, Chepauk",RK Illingworth,VA Kulkarni,,1.05,1.292
829709,2015,24,10-04-2015,2,6,2,1,normal,0,6,26,0,JP Faulkner,Maharashtra Cricket Association Stadium,SD Fry,CB Gaffaney,,1.141,0.987
829711,2015,8,11-04-2015,8,11,8,2,normal,0,8,45,0,BB McCullum,"MA Chidambaram Stadium, Chepauk",RK Illingworth,VA Kulkarni,,1.05,1.288
829713,2015,5,11-04-2015,5,1,1,1,normal,0,1,0,3,CH Gayle,Eden Gardens,S Ravi,C Shamshuddin,,0.987,1.139
829715,2015,3,12-04-2015,3,6,6,1,normal,0,6,0,3,DJ Hooda,Feroz Shah Kotla,SD Fry,CB Gaffaney,,1.292,0.987
829717,2015,4,12-04-2015,4,2,4,1,normal,0,2,18,0,GJ Bailey,Wankhede Stadium,AK Chaudhary,K Srinivasan,,1.378,1.141
829719,2015,1,13-04-2015,1,11,11,1,normal,0,11,0,8,DA Warner,M Chinnaswamy Stadium,RM Deshpande,RK Illingworth,,1.139,1.288
829721,2015,17,14-04-2015,6,4,4,2,normal,0,6,0,7,SPD Smith,"Sardar Patel Stadium, Motera",AK Chaudhary,SD Fry,,0.987,1.378
829723,2015,5,30-04-2015,5,8,5,1,normal,0,5,0,7,AD Russell,Eden Gardens,AK Chaudhary,M Erasmus,,0.987,1.05
829725,2015,24,15-04-2015,2,3,2,2,normal,0,3,0,5,MA Agarwal,Maharashtra Cricket Association Stadium,CB Gaffaney,K Srinath,,1.141,1.292
829727,2015,23,16-04-2015,11,6,6,1,normal,0,6,0,6,AM Rahane,Dr. Y.S. Rajasekhara Reddy ACA-VDCA Cricket Stadium,PG Pathak,S Ravi,,1.288,0.987
829729,2015,4,17-04-2015,4,8,4,2,normal,0,8,0,6,A Nehra,Wankhede Stadium,AK Chaudhary,M Erasmus,,1.378,1.05
829731,2015,23,18-04-2015,11,3,3,2,normal,0,3,4,0,JP Duminy,Dr. Y.S. Rajasekhara Reddy ACA-VDCA Cricket Stadium,PG Pathak,S Ravi,,1.288,1.292
829733,2015,24,18-04-2015,2,5,5,1,normal,0,5,0,4,AD Russell,Maharashtra Cricket Association Stadium,SD Fry,CK Nandan,,1.141,0.987
829735,2015,17,19-04-2015,6,8,8,2,normal,0,6,0,8,AM Rahane,"Sardar Patel Stadium, Motera",AK Chaudhary,M Erasmus,,0.987,1.05
829737,2015,1,19-04-2015,1,4,1,1,normal,0,4,18,0,Harbhajan Singh,M Chinnaswamy Stadium,RK Illingworth,VA Kulkarni,,1.139,1.378
829739,2015,3,20-04-2015,3,5,5,1,normal,0,5,0,6,UT Yadav,Feroz Shah Kotla,SD Fry,CB Gaffaney,,1.292,0.987
829741,2015,17,21-04-2015,6,2,2,1,tie,0,2,0,0,SE Marsh,"Sardar Patel Stadium, Motera",M Erasmus,S Ravi,,0.987,1.141
829743,2015,23,22-04-2015,11,5,5,1,normal,1,11,16,0,DA Warner,Dr. Y.S. Rajasekhara Reddy ACA-VDCA Cricket Stadium,RK Illingworth,VA Kulkarni,,1.288,0.987
829745,2015,1,22-04-2015,1,8,1,1,normal,0,8,27,0,SK Raina,M Chinnaswamy Stadium,JD Cloete,C Shamshuddin,,1.139,1.05
829747,2015,3,23-04-2015,3,4,4,1,normal,0,3,37,0,SS Iyer,Feroz Shah Kotla,SD Fry,CK Nandan,,1.292,1.378
829749,2015,17,24-04-2015,6,1,1,1,normal,0,1,0,9,MA Starc,"Sardar Patel Stadium, Motera",M Erasmus,S Ravi,,0.987,1.139
829751,2015,4,25-04-2015,4,11,4,2,normal,0,4,20,0,SL Malinga,Wankhede Stadium,HDPK Dharmasena,CB Gaffaney,,1.378,1.288
829753,2015,8,25-04-2015,8,2,8,2,normal,0,8,97,0,BB McCullum,"MA Chidambaram Stadium, Chepauk",JD Cloete,C Shamshuddin,,1.05,1.141
829757,2015,3,26-04-2015,3,1,1,1,normal,0,1,0,10,VR Aaron,Feroz Shah Kotla,M Erasmus,S Ravi,,1.292,1.139
829759,2015,2,27-04-2015,2,11,2,1,normal,0,11,20,0,TA Boult,"Punjab Cricket Association Stadium, Mohali",HDPK Dharmasena,CB Gaffaney,,1.141,1.288
829761,2015,5,07-05-2015,5,3,5,2,normal,0,5,13,0,PP Chawla,Eden Gardens,AK Chaudhary,M Erasmus,,0.987,1.292
829763,2015,1,29-04-2015,1,6,6,1,28,0,28,0,0,28,M Chinnaswamy Stadium,JD Cloete,PG Pathak,,1.139,0.987
829765,2015,8,28-04-2015,8,5,5,1,normal,0,8,2,0,DJ Bravo,"MA Chidambaram Stadium, Chepauk",RM Deshpande,VA Kulkarni,,1.05,0.987
829767,2015,3,01-05-2015,3,2,3,1,normal,0,3,0,9,NM Coulter-Nile,Feroz Shah Kotla,RK Illingworth,S Ravi,,1.292,1.141
829769,2015,4,01-05-2015,4,6,6,1,normal,0,4,8,0,AT Rayudu,Wankhede Stadium,HDPK Dharmasena,CK Nandan,,1.378,0.987
829771,2015,1,02-05-2015,1,5,1,1,normal,0,1,0,7,Mandeep Singh,M Chinnaswamy Stadium,JD Cloete,PG Pathak,,1.139,0.987
829773,2015,7,02-05-2015,11,8,8,1,normal,0,11,22,0,DA Warner,"Rajiv Gandhi International Stadium, Uppal",AK Chaudhary,K Srinivasan,,1.288,1.05
829775,2015,2,03-05-2015,2,4,4,2,normal,0,4,23,0,LMP Simmons,"Punjab Cricket Association Stadium, Mohali",RK Illingworth,VA Kulkarni,,1.141,1.378
829777,2015,4,03-05-2015,6,3,3,1,normal,0,6,14,0,AM Rahane,Brabourne Stadium,HDPK Dharmasena,CB Gaffaney,,0.987,1.292
829779,2015,8,04-05-2015,8,1,8,2,normal,0,8,24,0,SK Raina,"MA Chidambaram Stadium, Chepauk",C Shamshuddin,K Srinath,,1.05,1.139
829781,2015,5,04-05-2015,5,11,11,1,normal,0,5,35,0,UT Yadav,Eden Gardens,AK Chaudhary,M Erasmus,,0.987,1.288
829783,2015,4,05-05-2015,4,3,3,2,normal,0,4,0,5,Harbhajan Singh,Wankhede Stadium,HDPK Dharmasena,CB Gaffaney,,1.378,1.292
829785,2015,1,06-05-2015,1,2,2,1,normal,0,1,138,0,CH Gayle,M Chinnaswamy Stadium,RK Illingworth,VA Kulkarni,,1.139,1.141
829787,2015,4,07-05-2015,6,11,6,1,normal,0,11,7,0,EJG Morgan,Brabourne Stadium,JD Cloete,C Shamshuddin,,0.987,1.288
829789,2015,8,08-05-2015,8,4,8,2,normal,0,4,0,6,HH Pandya,"MA Chidambaram Stadium, Chepauk",CB Gaffaney,CK Nandan,,1.05,1.378
829791,2015,5,09-05-2015,5,2,2,2,normal,0,5,0,1,AD Russell,Eden Gardens,AK Chaudhary,HDPK Dharmasena,,0.987,1.141
829793,2015,25,09-05-2015,3,11,11,2,normal,0,11,6,0,MC Henriques,Shaheed Veer Narayan Singh International Stadium,VA Kulkarni,S Ravi,,1.292,1.288
829795,2015,4,10-05-2015,4,1,1,2,normal,0,1,39,0,AB de Villiers,Wankhede Stadium,JD Cloete,C Shamshuddin,,1.378,1.139
829797,2015,8,10-05-2015,8,6,8,2,normal,0,8,12,0,RA Jadeja,"MA Chidambaram Stadium, Chepauk",M Erasmus,CK Nandan,,1.05,0.987
829799,2015,7,11-05-2015,11,2,11,2,normal,0,11,5,0,DA Warner,"Rajiv Gandhi International Stadium, Uppal",AK Chaudhary,HDPK Dharmasena,,1.288,1.141
829801,2015,25,12-05-2015,3,8,8,2,normal,0,3,0,6,Z Khan,Shaheed Veer Narayan Singh International Stadium,RK Illingworth,VA Kulkarni,,1.292,1.05
829803,2015,2,13-05-2015,2,1,1,1,normal,0,2,22,0,AR Patel,"Punjab Cricket Association Stadium, Mohali",JD Cloete,C Shamshuddin,,1.141,1.139
829805,2015,4,14-05-2015,4,5,5,1,normal,0,4,5,0,HH Pandya,Wankhede Stadium,RK Illingworth,VA Kulkarni,,1.378,0.987
829807,2015,7,15-05-2015,11,1,11,2,normal,1,1,0,6,V Kohli,"Rajiv Gandhi International Stadium, Uppal",AK Chaudhary,HDPK Dharmasena,,1.288,1.139
829809,2015,2,16-05-2015,2,8,2,2,normal,0,8,0,7,P Negi,"Punjab Cricket Association Stadium, Mohali",CK Nandan,C Shamshuddin,,1.141,1.05
829811,2015,4,16-05-2015,6,5,6,2,normal,0,6,9,0,SR Watson,Brabourne Stadium,RM Deshpande,RK Illingworth,,0.987,0.987
829813,2015,1,17-05-2015,1,3,1,1,28,0,28,0,0,28,M Chinnaswamy Stadium,HDPK Dharmasena,K Srinivasan,,1.139,1.292
829815,2015,7,17-05-2015,11,4,11,2,normal,0,4,0,9,MJ McClenaghan,"Rajiv Gandhi International Stadium, Uppal",CB Gaffaney,K Srinath,,1.288,1.378
829817,2015,4,19-05-2015,8,4,4,2,normal,0,4,25,0,KA Pollard,Wankhede Stadium,HDPK Dharmasena,RK Illingworth,,1.05,1.378
829819,2015,24,20-05-2015,1,6,1,2,normal,0,1,71,0,AB de Villiers,Maharashtra Cricket Association Stadium,AK Chaudhary,C Shamshuddin,,1.139,0.987
829821,2015,26,22-05-2015,8,1,8,1,normal,0,8,0,3,A Nehra,JSCA International Stadium Complex,AK Chaudhary,CB Gaffaney,,1.05,1.139
829823,2015,5,24-05-2015,4,8,8,1,normal,0,4,41,0,RG Sharma,Eden Gardens,HDPK Dharmasena,RK Illingworth,,1.378,1.05
980901,2016,4,09-04-2016,4,13,4,2,normal,0,13,0,9,AM Rahane,Wankhede Stadium,HDPK Dharmasena,CK Nandan,,1.378,1
980903,2016,5,10-04-2016,5,3,5,1,normal,0,5,0,9,AD Russell,Eden Gardens,S Ravi,C Shamshuddin,,0.987,1.292
980905,2016,2,11-04-2016,2,12,12,1,normal,0,12,0,5,AJ Finch,"Punjab Cricket Association IS Bindra Stadium, Mohali",AK Chaudhary,VA Kulkarni,,1.141,1
980907,2016,1,12-04-2016,1,11,11,1,normal,0,1,45,0,AB de Villiers,M Chinnaswamy Stadium,HDPK Dharmasena,VK Sharma,,1.139,1.288
980909,2016,5,13-04-2016,5,4,4,1,normal,0,4,0,6,RG Sharma,Eden Gardens,Nitin Menon,S Ravi,,0.987,1.378
980911,2016,29,14-04-2016,12,13,13,2,normal,0,12,0,7,AJ Finch,Saurashtra Cricket Association Stadium,VA Kulkarni,CK Nandan,,1,1
980913,2016,3,15-04-2016,3,2,3,1,normal,0,3,0,8,A Mishra,Feroz Shah Kotla,S Ravi,C Shamshuddin,,1.292,1.141
980915,2016,7,16-04-2016,11,5,11,2,normal,0,5,0,8,G Gambhir,"Rajiv Gandhi International Stadium, Uppal",AK Chaudhary,CK Nandan,,1.288,0.987
980917,2016,4,16-04-2016,4,12,12,1,normal,0,12,0,3,AJ Finch,Wankhede Stadium,HDPK Dharmasena,VK Sharma,,1.378,1
980919,2016,2,17-04-2016,2,13,13,2,normal,0,2,0,6,M Vohra,"Punjab Cricket Association IS Bindra Stadium, Mohali",S Ravi,C Shamshuddin,,1.141,1
980921,2016,1,17-04-2016,1,3,3,1,normal,0,3,0,7,Q de Kock,M Chinnaswamy Stadium,VA Kulkarni,A Nand Kishore,,1.139,1.292
980923,2016,7,18-04-2016,11,4,11,1,normal,0,11,0,7,DA Warner,"Rajiv Gandhi International Stadium, Uppal",HDPK Dharmasena,VK Sharma,,1.288,1.378
980925,2016,2,19-04-2016,2,5,5,1,normal,0,5,0,6,RV Uthappa,"Punjab Cricket Association IS Bindra Stadium, Mohali",S Ravi,C Shamshuddin,,1.141,0.987
980927,2016,4,20-04-2016,4,1,4,1,normal,0,4,0,6,RG Sharma,Wankhede Stadium,AK Chaudhary,CK Nandan,,1.378,1.139
980929,2016,29,21-04-2016,12,11,11,1,normal,0,11,0,10,B Kumar,Saurashtra Cricket Association Stadium,K Bharatan,HDPK Dharmasena,,1,1.288
980931,2016,24,22-04-2016,13,1,13,1,normal,0,1,13,0,AB de Villiers,Maharashtra Cricket Association Stadium,CB Gaffaney,VK Sharma,,1,1.139
980933,2016,3,23-04-2016,3,4,4,1,normal,0,3,10,0,SV Samson,Feroz Shah Kotla,S Ravi,C Shamshuddin,,1.292,1.378
980935,2016,7,23-04-2016,11,2,11,1,normal,0,11,0,5,Mustafizur Rahman,"Rajiv Gandhi International Stadium, Uppal",AK Chaudhary,CK Nandan,,1.288,1.141
980937,2016,29,24-04-2016,12,1,1,2,normal,0,12,0,6,V Kohli,Saurashtra Cricket Association Stadium,K Bharatan,BNJ Oxenford,,1,1.139
980939,2016,24,24-04-2016,13,5,5,1,normal,0,5,0,2,SA Yadav,Maharashtra Cricket Association Stadium,CB Gaffaney,A Nand Kishore,,1,0.987
980941,2016,2,25-04-2016,2,4,2,1,normal,0,4,25,0,PA Patel,"Punjab Cricket Association IS Bindra Stadium, Mohali",Nitin Menon,RJ Tucker,,1.141,1.378
980943,2016,7,26-04-2016,11,13,13,1,normal,1,13,34,0,AB Dinda,"Rajiv Gandhi International Stadium, Uppal",AY Dandekar,CK Nandan,,1.288,1
980945,2016,3,27-04-2016,3,12,3,1,normal,0,12,1,0,CH Morris,Feroz Shah Kotla,M Erasmus,S Ravi,,1.292,1
980947,2016,4,28-04-2016,4,5,4,1,normal,0,4,0,6,RG Sharma,Wankhede Stadium,Nitin Menon,RJ Tucker,,1.378,0.987
980949,2016,24,29-04-2016,13,12,12,1,normal,0,12,0,3,DR Smith,Maharashtra Cricket Association Stadium,CB Gaffaney,BNJ Oxenford,,1,1
980951,2016,3,30-04-2016,3,5,5,1,normal,0,3,27,0,CR Brathwaite,Feroz Shah Kotla,KN Ananthapadmanabhan,M Erasmus,,1.292,0.987
980953,2016,7,30-04-2016,11,1,1,1,normal,0,11,15,0,DA Warner,"Rajiv Gandhi International Stadium, Uppal",AK Chaudhary,HDPK Dharmasena,,1.288,1.139
980955,2016,29,01-05-2016,12,2,12,1,normal,0,2,23,0,AR Patel,Saurashtra Cricket Association Stadium,BNJ Oxenford,VK Sharma,,1,1.141
980957,2016,24,01-05-2016,13,4,4,1,normal,0,4,0,8,RG Sharma,Maharashtra Cricket Association Stadium,AY Dandekar,RJ Tucker,,1,1.378
980959,2016,1,02-05-2016,1,5,5,1,normal,0,5,0,5,AD Russell,M Chinnaswamy Stadium,M Erasmus,S Ravi,,1.139,0.987
980961,2016,29,03-05-2016,12,3,3,1,normal,0,3,0,8,RR Pant,Saurashtra Cricket Association Stadium,CB Gaffaney,BNJ Oxenford,,1,1.292
980963,2016,5,04-05-2016,5,2,2,1,normal,0,5,7,0,AD Russell,Eden Gardens,AK Chaudhary,HDPK Dharmasena,,0.987,1.141
980965,2016,3,05-05-2016,3,13,13,1,normal,0,13,0,7,AM Rahane,Feroz Shah Kotla,C Shamshuddin,RJ Tucker,,1.292,1
980967,2016,7,06-05-2016,11,12,11,1,normal,0,11,0,5,B Kumar,"Rajiv Gandhi International Stadium, Uppal",M Erasmus,S Ravi,,1.288,1
980969,2016,1,07-05-2016,1,13,1,1,normal,0,1,0,7,V Kohli,M Chinnaswamy Stadium,CB Gaffaney,BNJ Oxenford,,1.139,1
980971,2016,2,07-05-2016,2,3,3,1,normal,0,2,9,0,MP Stoinis,"Punjab Cricket Association IS Bindra Stadium, Mohali",HDPK Dharmasena,CK Nandan,,1.141,1.292
980973,2016,23,08-05-2016,4,11,4,1,normal,0,11,85,0,A Nehra,Dr. Y.S. Rajasekhara Reddy ACA-VDCA Cricket Stadium,S Ravi,C Shamshuddin,,1.378,1.288
980975,2016,5,08-05-2016,5,12,12,1,normal,0,12,0,5,P Kumar,Eden Gardens,M Erasmus,RJ Tucker,,0.987,1
980977,2016,2,09-05-2016,2,1,2,1,normal,0,1,1,0,SR Watson,"Punjab Cricket Association IS Bindra Stadium, Mohali",AK Chaudhary,HDPK Dharmasena,,1.141,1.139
980979,2016,23,10-05-2016,13,11,11,2,normal,0,11,4,0,A Zampa,Dr. Y.S. Rajasekhara Reddy ACA-VDCA Cricket Stadium,CB Gaffaney,VK Sharma,,1,1.288
980981,2016,1,11-05-2016,1,4,4,1,normal,0,4,0,6,KH Pandya,M Chinnaswamy Stadium,AY Dandekar,C Shamshuddin,,1.139,1.378
980983,2016,7,12-05-2016,11,3,3,1,normal,0,3,0,7,CH Morris,"Rajiv Gandhi International Stadium, Uppal",K Bharatan,M Erasmus,,1.288,1.292
980985,2016,23,13-05-2016,4,2,4,2,normal,0,2,0,7,MP Stoinis,Dr. Y.S. Rajasekhara Reddy ACA-VDCA Cricket Stadium,HDPK Dharmasena,CK Nandan,,1.378,1.141
980987,2016,1,14-05-2016,1,12,12,1,normal,0,1,144,0,AB de Villiers,M Chinnaswamy Stadium,AY Dandekar,VK Sharma,,1.139,1
980989,2016,5,14-05-2016,5,13,13,2,normal,1,5,0,8,YK Pathan,Eden Gardens,A Nand Kishore,BNJ Oxenford,,0.987,1
980991,2016,2,15-05-2016,2,11,2,2,normal,0,11,0,7,HM Amla,"Punjab Cricket Association IS Bindra Stadium, Mohali",KN Ananthapadmanabhan,M Erasmus,,1.141,1.288
980993,2016,23,15-05-2016,4,3,3,1,normal,0,4,80,0,KH Pandya,Dr. Y.S. Rajasekhara Reddy ACA-VDCA Cricket Stadium,Nitin Menon,CK Nandan,,1.378,1.292
980995,2016,5,16-05-2016,5,1,1,1,normal,0,1,0,9,V Kohli,Eden Gardens,CB Gaffaney,A Nand Kishore,,0.987,1.139
980997,2016,23,17-05-2016,13,3,13,1,normal,1,13,19,0,AB Dinda,Dr. Y.S. Rajasekhara Reddy ACA-VDCA Cricket Stadium,Nitin Menon,C Shamshuddin,,1,1.292
980999,2016,1,18-05-2016,1,2,2,1,normal,1,1,82,0,V Kohli,M Chinnaswamy Stadium,KN Ananthapadmanabhan,M Erasmus,,1.139,1.141
981001,2016,30,19-05-2016,12,5,12,1,normal,0,12,0,6,DR Smith,Green Park,AK Chaudhary,CK Nandan,,1,0.987
981003,2016,25,20-05-2016,3,11,3,1,normal,0,3,0,6,KK Nair,Shaheed Veer Narayan Singh International Stadium,A Nand Kishore,BNJ Oxenford,,1.292,1.288
981005,2016,23,21-05-2016,13,2,2,2,normal,0,13,0,4,MS Dhoni,Dr. Y.S. Rajasekhara Reddy ACA-VDCA Cricket Stadium,HDPK Dharmasena,Nitin Menon,,1,1.141
981007,2016,30,21-05-2016,12,4,12,1,normal,0,12,0,6,SK Raina,Green Park,AK Chaudhary,CK Nandan,,1,1.378
981009,2016,5,22-05-2016,5,11,11,1,normal,0,5,22,0,YK Pathan,Eden Gardens,KN Ananthapadmanabhan,M Erasmus,,0.987,1.288
981011,2016,25,22-05-2016,3,1,1,1,normal,0,1,0,6,V Kohli,Shaheed Veer Narayan Singh International Stadium,A Nand Kishore,BNJ Oxenford,,1.292,1.139
981013,2016,1,24-05-2016,12,1,1,1,normal,0,1,0,4,AB de Villiers,M Chinnaswamy Stadium,AK Chaudhary,HDPK Dharmasena,,1,1.139
981015,2016,3,25-05-2016,11,5,5,1,normal,0,11,22,0,MC Henriques,Feroz Shah Kotla,M Erasmus,C Shamshuddin,,1.288,0.987
981017,2016,3,27-05-2016,12,11,11,1,normal,0,11,0,4,DA Warner,Feroz Shah Kotla,M Erasmus,CK Nandan,,1,1.288
981019,2016,1,29-05-2016,1,11,11,2,normal,0,11,8,0,BCJ Cutting,M Chinnaswamy Stadium,HDPK Dharmasena,BNJ Oxenford,,1.139,1.288
1082591,2017,7,05-04-2017,11,1,1,1,normal,0,11,35,0,Yuvraj Singh,"Rajiv Gandhi International Stadium, Uppal",AY Dandekar,NJ Llong,,1.288,1.139
1082592,2017,24,06-04-2017,14,4,14,1,normal,0,14,0,7,SPD Smith,Maharashtra Cricket Association Stadium,A Nand Kishore,S Ravi,,1,1.378
1082593,2017,29,07-04-2017,12,5,5,1,normal,0,5,0,10,CA Lynn,Saurashtra Cricket Association Stadium,Nitin Menon,CK Nandan,,1,0.987
1082594,2017,22,08-04-2017,2,14,2,1,normal,0,2,0,6,GJ Maxwell,Holkar Cricket Stadium,AK Chaudhary,C Shamshuddin,,1.141,1
1082595,2017,31,08-04-2017,1,3,1,2,normal,0,1,15,0,KM Jadhav,M.Chinnaswamy Stadium,S Ravi,VK Sharma,,1.139,1.292
1082596,2017,7,09-04-2017,11,12,11,1,normal,0,11,0,9,Rashid Khan,"Rajiv Gandhi International Stadium, Uppal",A Deshmukh,NJ Llong,,1.288,1
1082597,2017,4,09-04-2017,4,5,4,1,normal,0,4,0,4,N Rana,Wankhede Stadium,Nitin Menon,CK Nandan,,1.378,0.987
1082598,2017,22,10-04-2017,2,1,1,2,normal,0,2,0,8,AR Patel,Holkar Cricket Stadium,AK Chaudhary,C Shamshuddin,,1.141,1.139
1082599,2017,24,11-04-2017,14,3,14,1,normal,0,3,97,0,SV Samson,Maharashtra Cricket Association Stadium,AY Dandekar,S Ravi,,1,1.292
1082600,2017,4,12-04-2017,4,11,4,1,normal,0,4,0,4,JJ Bumrah,Wankhede Stadium,Nitin Menon,CK Nandan,,1.378,1.288
1082601,2017,5,13-04-2017,5,2,5,1,normal,0,5,0,8,SP Narine,Eden Gardens,A Deshmukh,NJ Llong,,0.987,1.141
1082602,2017,1,14-04-2017,1,4,4,1,normal,0,4,0,4,KA Pollard,M Chinnaswamy Stadium,KN Ananthapadmanabhan,AK Chaudhary,,1.139,1.378
1082603,2017,29,14-04-2017,12,14,12,1,normal,0,12,0,7,AJ Tye,Saurashtra Cricket Association Stadium,A Nand Kishore,S Ravi,,1,1
1082604,2017,5,15-04-2017,5,11,11,1,normal,0,5,17,0,RV Uthappa,Eden Gardens,AY Dandekar,NJ Llong,,0.987,1.288
1082605,2017,3,15-04-2017,3,2,3,2,normal,0,3,51,0,CJ Anderson,Feroz Shah Kotla,YC Barde,Nitin Menon,,1.292,1.141
1082606,2017,4,16-04-2017,4,12,4,1,normal,0,4,0,6,N Rana,Wankhede Stadium,A Nand Kishore,S Ravi,,1.378,1
1082607,2017,1,16-04-2017,1,14,1,1,normal,0,14,27,0,BA Stokes,M Chinnaswamy Stadium,KN Ananthapadmanabhan,C Shamshuddin,,1.139,1
1082608,2017,3,17-04-2017,3,5,3,2,normal,0,5,0,4,NM Coulter-Nile,Feroz Shah Kotla,Nitin Menon,CK Nandan,,1.292,0.987
1082609,2017,7,17-04-2017,11,2,2,1,normal,0,11,5,0,B Kumar,"Rajiv Gandhi International Stadium, Uppal",AY Dandekar,A Deshmukh,,1.288,1.141
1082610,2017,29,18-04-2017,12,1,12,1,normal,0,1,21,0,CH Gayle,Saurashtra Cricket Association Stadium,S Ravi,VK Sharma,,1,1.139
1082611,2017,7,19-04-2017,11,3,11,2,normal,0,11,15,0,KS Williamson,"Rajiv Gandhi International Stadium, Uppal",CB Gaffaney,NJ Llong,,1.288,1.292
1082612,2017,22,20-04-2017,2,4,4,1,normal,0,4,0,8,JC Buttler,Holkar Cricket Stadium,M Erasmus,C Shamshuddin,,1.141,1.378
1082613,2017,5,21-04-2017,5,12,12,1,normal,0,12,0,4,SK Raina,Eden Gardens,CB Gaffaney,Nitin Menon,,0.987,1
1082614,2017,4,22-04-2017,4,3,3,1,normal,0,4,14,0,MJ McClenaghan,Wankhede Stadium,A Nand Kishore,S Ravi,,1.378,1.292
1082615,2017,24,22-04-2017,14,11,14,1,normal,0,14,0,6,MS Dhoni,Maharashtra Cricket Association Stadium,AY Dandekar,A Deshmukh,,1,1.288
1082616,2017,29,23-04-2017,12,2,12,1,normal,0,2,26,0,HM Amla,Saurashtra Cricket Association Stadium,AK Chaudhary,M Erasmus,,1,1.141
1082617,2017,5,23-04-2017,5,1,1,1,normal,0,5,82,0,NM Coulter-Nile,Eden Gardens,CB Gaffaney,CK Nandan,,0.987,1.139
1082618,2017,4,24-04-2017,4,14,4,1,normal,0,14,3,0,BA Stokes,Wankhede Stadium,A Nand Kishore,S Ravi,,1.378,1
1082620,2017,24,26-04-2017,14,5,5,1,normal,0,5,0,7,RV Uthappa,Maharashtra Cricket Association Stadium,AY Dandekar,NJ Llong,,1,0.987
1082621,2017,1,27-04-2017,1,12,12,1,normal,0,12,0,7,AJ Tye,M Chinnaswamy Stadium,AK Chaudhary,C Shamshuddin,,1.139,1
1082622,2017,5,28-04-2017,5,3,5,1,normal,0,5,0,7,G Gambhir,Eden Gardens,NJ Llong,S Ravi,,0.987,1.292
1082623,2017,2,28-04-2017,2,11,2,1,normal,0,11,26,0,Rashid Khan,"Punjab Cricket Association IS Bindra Stadium, Mohali",Nitin Menon,CK Nandan,,1.141,1.288
1082624,2017,24,29-04-2017,14,1,1,1,normal,0,14,61,0,LH Ferguson,Maharashtra Cricket Association Stadium,KN Ananthapadmanabhan,M Erasmus,,1,1.139
1082625,2017,29,29-04-2017,12,4,12,2,tie,0,4,0,0,KH Pandya,Saurashtra Cricket Association Stadium,AK Chaudhary,CB Gaffaney,,1,1.378
1082626,2017,2,30-04-2017,2,3,2,1,normal,0,2,0,10,Sandeep Sharma,"Punjab Cricket Association IS Bindra Stadium, Mohali",YC Barde,CK Nandan,,1.141,1.292
1082627,2017,7,30-04-2017,11,5,5,1,normal,0,11,48,0,DA Warner,"Rajiv Gandhi International Stadium, Uppal",AY Dandekar,S Ravi,,1.288,0.987
1082628,2017,4,01-05-2017,4,1,1,2,normal,0,4,0,5,RG Sharma,Wankhede Stadium,AK Chaudhary,CB Gaffaney,,1.378,1.139
1082629,2017,24,01-05-2017,14,12,14,1,normal,0,14,0,5,BA Stokes,Maharashtra Cricket Association Stadium,M Erasmus,C Shamshuddin,,1,1
1082630,2017,3,02-05-2017,3,11,3,1,normal,0,3,0,6,Mohammed Shami,Feroz Shah Kotla,YC Barde,Nitin Menon,,1.292,1.288
1082631,2017,5,03-05-2017,5,14,14,1,normal,0,14,0,4,RA Tripathi,Eden Gardens,KN Ananthapadmanabhan,A Nand Kishore,,0.987,1
1082632,2017,3,04-05-2017,3,12,3,1,normal,0,3,0,7,RR Pant,Feroz Shah Kotla,M Erasmus,Nitin Menon,,1.292,1
1082633,2017,1,05-05-2017,1,2,1,1,normal,0,2,19,0,Sandeep Sharma,M Chinnaswamy Stadium,CB Gaffaney,C Shamshuddin,,1.139,1.141
1082634,2017,7,06-05-2017,11,14,11,1,normal,0,14,12,0,JD Unadkat,"Rajiv Gandhi International Stadium, Uppal",KN Ananthapadmanabhan,AK Chaudhary,,1.288,1
1082635,2017,3,06-05-2017,3,4,3,1,normal,0,4,146,0,LMP Simmons,Feroz Shah Kotla,Nitin Menon,CK Nandan,,1.292,1.378
1082636,2017,1,07-05-2017,1,5,5,1,normal,0,5,0,6,SP Narine,M Chinnaswamy Stadium,AY Dandekar,C Shamshuddin,,1.139,0.987
1082637,2017,2,07-05-2017,2,12,12,1,normal,0,12,0,6,DR Smith,"Punjab Cricket Association IS Bindra Stadium, Mohali",A Nand Kishore,VK Sharma,,1.141,1
1082638,2017,7,08-05-2017,11,4,4,2,normal,0,11,0,7,S Dhawan,"Rajiv Gandhi International Stadium, Uppal",KN Ananthapadmanabhan,M Erasmus,,1.288,1.378
1082639,2017,2,09-05-2017,2,5,5,1,normal,0,2,14,0,MM Sharma,"Punjab Cricket Association IS Bindra Stadium, Mohali",A Nand Kishore,S Ravi,,1.141,0.987
1082640,2017,30,10-05-2017,12,3,3,1,normal,0,3,0,2,SS Iyer,Green Park,YC Barde,AK Chaudhary,,1,1.292
1082641,2017,4,11-05-2017,4,2,4,1,normal,0,2,7,0,WP Saha,Wankhede Stadium,A Deshmukh,A Nand Kishore,,1.378,1.141
1082642,2017,3,12-05-2017,3,14,3,2,normal,0,3,7,0,KK Nair,Feroz Shah Kotla,KN Ananthapadmanabhan,CK Nandan,,1.292,1
1082643,2017,30,13-05-2017,12,11,11,1,normal,0,11,0,8,Mohammed Siraj,Green Park,AK Chaudhary,Nitin Menon,,1,1.288
1082644,2017,5,13-05-2017,5,4,5,1,normal,0,4,9,0,AT Rayudu,Eden Gardens,A Nand Kishore,S Ravi,,0.987,1.378
1082645,2017,24,14-05-2017,14,2,14,1,normal,0,14,0,9,JD Unadkat,Maharashtra Cricket Association Stadium,AY Dandekar,A Deshmukh,,1,1.141
1082646,2017,3,14-05-2017,3,1,1,2,normal,0,1,10,0,HV Patel,Feroz Shah Kotla,CK Nandan,C Shamshuddin,,1.292,1.139
1082647,2017,4,16-05-2017,4,14,4,1,normal,0,14,20,0,Washington Sundar,Wankhede Stadium,S Ravi,C Shamshuddin,,1.378,1
1082648,2017,1,17-05-2017,11,5,5,1,normal,1,5,0,7,NM Coulter-Nile,M Chinnaswamy Stadium,AK Chaudhary,Nitin Menon,,1.288,0.987
1082649,2017,1,19-05-2017,4,5,4,1,normal,0,4,0,6,KV Sharma,M Chinnaswamy Stadium,NJ Llong,Nitin Menon,,1.378,0.987
1082650,2017,7,21-05-2017,4,14,4,2,normal,0,4,1,0,KH Pandya,"Rajiv Gandhi International Stadium, Uppal",NJ Llong,S Ravi,,1.378,1
1136561,2018,4,07-04-2018,4,8,8,1,normal,0,8,0,1,DJ Bravo,Wankhede Stadium,CB Gaffaney,A Nand Kishore,,1.378,1.05
1136562,2018,2,08-04-2018,2,3,2,1,normal,0,2,0,6,KL Rahul,"Punjab Cricket Association IS Bindra Stadium, Mohali",KN Ananthapadmanabhan,RJ Tucker,,1.141,1.292
1136563,2018,5,08-04-2018,5,1,5,1,normal,0,5,0,4,SP Narine,Eden Gardens,C Shamshuddin,A Deshmukh,,0.987,1.139
1136564,2018,7,09-04-2018,11,6,11,1,normal,0,11,0,9,S Dhawan,"Rajiv Gandhi International Stadium, Uppal",VA Kulkarni,NJ Llong,,1.288,0.987
1136565,2018,8,10-04-2018,8,5,8,1,normal,0,8,0,5,SW Billings,"MA Chidambaram Stadium, Chepauk",CB Gaffaney,AK Chaudhary,,1.05,0.987
1136566,2018,6,11-04-2018,6,3,3,1,normal,1,6,10,0,SV Samson,Sawai Mansingh Stadium,KN Ananthapadmanabhan,Nitin Menon,,0.987,1.292
1136567,2018,7,12-04-2018,11,4,11,1,normal,0,11,0,1,Rashid Khan,"Rajiv Gandhi International Stadium, Uppal",NJ Llong,CK Nandan,,1.288,1.378
1136568,2018,31,13-04-2018,1,2,1,1,normal,0,1,0,4,UT Yadav,M.Chinnaswamy Stadium,A Deshmukh,S Ravi,,1.139,1.141
1136569,2018,4,14-04-2018,4,3,3,1,normal,0,3,0,7,JJ Roy,Wankhede Stadium,KN Ananthapadmanabhan,Nitin Menon,,1.378,1.292
1136570,2018,5,14-04-2018,5,11,11,1,normal,0,11,0,5,B Stanlake,Eden Gardens,AK Chaudhary,A Nand Kishore,,0.987,1.288
1136571,2018,31,15-04-2018,1,6,1,1,normal,0,6,19,0,SV Samson,M.Chinnaswamy Stadium,C Shamshuddin,S Ravi,,1.139,0.987
1136572,2018,2,15-04-2018,2,8,8,1,normal,0,2,4,0,CH Gayle,"Punjab Cricket Association IS Bindra Stadium, Mohali",VA Kulkarni,CK Nandan,,1.141,1.05
1136573,2018,5,16-04-2018,5,3,3,1,normal,0,5,71,0,N Rana,Eden Gardens,AK Chaudhary,A Nand Kishore,,0.987,1.292
1136574,2018,4,17-04-2018,4,1,1,1,normal,0,4,46,0,RG Sharma,Wankhede Stadium,RJ Tucker,Nitin Menon,,1.378,1.139
1136575,2018,6,18-04-2018,6,5,5,1,normal,0,5,0,7,N Rana,Sawai Mansingh Stadium,A Deshmukh,S Ravi,,0.987,0.987
1136576,2018,2,19-04-2018,2,11,2,2,normal,0,2,15,0,CH Gayle,"Punjab Cricket Association IS Bindra Stadium, Mohali",NJ Llong,AK Chaudhary,,1.141,1.288
1136577,2018,24,20-04-2018,8,6,6,1,normal,0,8,64,0,SR Watson,Maharashtra Cricket Association Stadium,KN Ananthapadmanabhan,Nitin Menon,,1.05,0.987
1136578,2018,5,21-04-2018,5,2,2,1,normal,1,2,0,9,KL Rahul,Eden Gardens,C Shamshuddin,A Deshmukh,,0.987,1.141
1136579,2018,31,21-04-2018,1,3,1,1,normal,0,1,0,6,AB de Villiers,M.Chinnaswamy Stadium,CB Gaffaney,CK Nandan,,1.139,1.292
1136580,2018,7,22-04-2018,11,8,11,1,normal,0,8,4,0,AT Rayudu,"Rajiv Gandhi International Stadium, Uppal",VA Kulkarni,AK Chaudhary,,1.288,1.05
1136581,2018,6,22-04-2018,6,4,4,2,normal,0,6,0,3,JC Archer,Sawai Mansingh Stadium,KN Ananthapadmanabhan,RJ Tucker,,0.987,1.378
1136582,2018,3,23-04-2018,3,2,3,1,normal,0,2,4,0,AS Rajpoot,Feroz Shah Kotla,A Nand Kishore,CK Nandan,,1.292,1.141
1136583,2018,4,24-04-2018,4,11,4,1,normal,0,11,31,0,Rashid Khan,Wankhede Stadium,C Shamshuddin,S Ravi,,1.378,1.288
1136584,2018,31,25-04-2018,1,8,8,1,normal,0,8,0,5,MS Dhoni,M.Chinnaswamy Stadium,NJ Llong,VK Sharma,,1.139,1.05
1136585,2018,7,26-04-2018,11,2,2,1,normal,0,11,13,0,AS Rajpoot,"Rajiv Gandhi International Stadium, Uppal",YC Barde,CK Nandan,,1.288,1.141
1136586,2018,3,27-04-2018,3,5,5,1,normal,0,3,55,0,SS Iyer,Feroz Shah Kotla,C Shamshuddin,S Ravi,,1.292,0.987
1136587,2018,24,28-04-2018,8,4,4,1,normal,0,4,0,8,RG Sharma,Maharashtra Cricket Association Stadium,CB Gaffaney,Nitin Menon,,1.05,1.378
1136588,2018,6,29-04-2018,6,11,11,2,normal,0,11,11,0,KS Williamson,Sawai Mansingh Stadium,BNJ Oxenford,A Nand Kishore,,0.987,1.288
1136589,2018,31,29-04-2018,1,5,5,1,normal,0,5,0,6,CA Lynn,M.Chinnaswamy Stadium,NJ Llong,AK Chaudhary,,1.139,0.987
1136590,2018,24,30-04-2018,8,3,3,1,normal,0,8,13,0,SR Watson,Maharashtra Cricket Association Stadium,AY Dandekar,C Shamshuddin,,1.05,1.292
1136591,2018,31,01-05-2018,1,4,4,1,normal,0,1,14,0,TG Southee,M.Chinnaswamy Stadium,M Erasmus,Nitin Menon,,1.139,1.378
1136592,2018,3,02-05-2018,3,6,6,1,normal,1,3,4,0,RR Pant,Feroz Shah Kotla,VK Sharma,CK Nandan,,1.292,0.987
1136593,2018,5,03-05-2018,5,8,5,1,normal,0,5,0,6,SP Narine,Eden Gardens,HDPK Dharmasena,A Deshmukh,,0.987,1.05
1136594,2018,22,04-05-2018,2,4,4,1,normal,0,4,0,6,SA Yadav,Holkar Cricket Stadium,AY Dandekar,S Ravi,,1.141,1.378
1136595,2018,24,05-05-2018,8,1,8,1,normal,0,8,0,6,RA Jadeja,Maharashtra Cricket Association Stadium,Nitin Menon,YC Barde,,1.05,1.139
1136596,2018,7,05-05-2018,11,3,3,2,normal,0,11,0,7,Rashid Khan,"Rajiv Gandhi International Stadium, Uppal",BNJ Oxenford,CK Nandan,,1.288,1.292
1136597,2018,4,06-05-2018,4,5,5,1,normal,0,4,13,0,HH Pandya,Wankhede Stadium,HDPK Dharmasena,A Deshmukh,,1.378,0.987
1136598,2018,22,06-05-2018,2,6,2,1,normal,0,2,0,6,Mujeeb Ur Rahman,Holkar Cricket Stadium,C Shamshuddin,S Ravi,,1.141,0.987
1136599,2018,7,07-05-2018,11,1,1,1,normal,0,11,5,0,KS Williamson,"Rajiv Gandhi International Stadium, Uppal",BNJ Oxenford,VK Sharma,,1.288,1.139
1136600,2018,6,08-05-2018,6,2,6,2,normal,0,6,15,0,JC Buttler,Sawai Mansingh Stadium,M Erasmus,Nitin Menon,,0.987,1.141
1136601,2018,5,09-05-2018,5,4,5,1,normal,0,4,102,0,Ishan Kishan,Eden Gardens,KN Ananthapadmanabhan,AK Chaudhary,,0.987,1.378
1136602,2018,3,10-05-2018,3,11,3,2,normal,0,11,0,9,S Dhawan,Feroz Shah Kotla,AY Dandekar,C Shamshuddin,,1.292,1.288
1136603,2018,6,11-05-2018,6,8,8,2,normal,0,6,0,4,JC Buttler,Sawai Mansingh Stadium,M Erasmus,YC Barde,,0.987,1.05
1136604,2018,22,12-05-2018,2,5,2,1,normal,0,5,31,0,SP Narine,Holkar Cricket Stadium,VK Sharma,CK Nandan,,1.141,0.987
1136605,2018,3,12-05-2018,3,1,1,1,normal,0,1,0,5,AB de Villiers,Feroz Shah Kotla,KN Ananthapadmanabhan,HDPK Dharmasena,,1.292,1.139
1136606,2018,24,13-05-2018,8,11,8,1,normal,0,8,0,8,AT Rayudu,Maharashtra Cricket Association Stadium,M Erasmus,YC Barde,,1.05,1.288
1136607,2018,4,13-05-2018,4,6,6,1,normal,0,6,0,7,JC Buttler,Wankhede Stadium,Nitin Menon,S Ravi,,1.378,0.987
1136608,2018,22,14-05-2018,2,1,1,1,normal,0,1,0,10,UT Yadav,Holkar Cricket Stadium,BNJ Oxenford,VK Sharma,,1.141,1.139
1136609,2018,5,15-05-2018,5,6,5,1,normal,0,5,0,6,Kuldeep Yadav,Eden Gardens,HDPK Dharmasena,AK Chaudhary,,0.987,0.987
1136610,2018,4,16-05-2018,4,2,2,1,normal,0,4,3,0,JJ Bumrah,Wankhede Stadium,M Erasmus,Nitin Menon,,1.378,1.141
1136611,2018,31,17-05-2018,1,11,11,1,normal,0,1,14,0,AB de Villiers,M.Chinnaswamy Stadium,AY Dandekar,S Ravi,,1.139,1.288
1136612,2018,3,18-05-2018,3,8,8,1,normal,0,3,34,0,HV Patel,Feroz Shah Kotla,VA Kulkarni,HDPK Dharmasena,,1.292,1.05
1136613,2018,6,19-05-2018,6,1,6,2,normal,0,6,30,0,S Gopal,Sawai Mansingh Stadium,BNJ Oxenford,VK Sharma,,0.987,1.139
1136614,2018,7,19-05-2018,11,5,11,2,normal,0,5,0,5,CA Lynn,"Rajiv Gandhi International Stadium, Uppal",AK Chaudhary,S Ravi,,1.288,0.987
1136615,2018,3,20-05-2018,3,4,3,2,normal,0,3,11,0,A Mishra,Feroz Shah Kotla,HDPK Dharmasena,CK Nandan,,1.292,1.378
1136616,2018,24,20-05-2018,8,2,8,1,normal,0,8,0,5,L Ngidi,Maharashtra Cricket Association Stadium,Nitin Menon,YC Barde,,1.05,1.141
1136617,2018,4,22-05-2018,11,8,8,1,normal,0,8,0,2,F du Plessis,Wankhede Stadium,C Shamshuddin,M Erasmus,,1.288,1.05
1136618,2018,5,23-05-2018,5,6,6,1,normal,0,5,25,0,AD Russell,Eden Gardens,AK Chaudhary,Nitin Menon,,0.987,0.987
1136619,2018,5,25-05-2018,5,11,5,1,normal,0,11,14,0,Rashid Khan,Eden Gardens,HDPK Dharmasena,Nitin Menon,,0.987,1.288
1136620,2018,4,27-05-2018,8,11,8,1,normal,0,8,0,8,SR Watson,Wankhede Stadium,M Erasmus,S Ravi,,1.05,1.288
1175356,2019,8,23-03-2019,8,1,8,1,normal,0,8,0,7,Harbhajan Singh,"MA Chidambaram Stadium, Chepauk",AY Dandekar,BNJ Oxenford,,1.05,1.139
1175357,2019,5,24-03-2019,5,11,5,1,normal,0,5,0,6,AD Russell,Eden Gardens,CB Gaffaney,AK Chaudhary,,0.987,1.288
1175358,2019,4,24-03-2019,4,15,4,1,normal,0,15,37,0,RR Pant,Wankhede Stadium,YC Barde,S Ravi,,1.378,1.292
1175359,2019,6,25-03-2019,6,2,6,1,normal,0,2,14,0,CH Gayle,Sawai Mansingh Stadium,KN Ananthapadmanabhan,C Shamshuddin,,0.987,1.141
1175360,2019,3,26-03-2019,15,8,15,2,normal,0,8,0,6,SR Watson,Feroz Shah Kotla,M Erasmus,Nitin Menon,,1.292,1.05
1175361,2019,5,27-03-2019,5,2,2,1,normal,0,5,28,0,AD Russell,Eden Gardens,VA Kulkarni,AK Chaudhary,,0.987,1.141
1175362,2019,31,28-03-2019,1,4,1,1,normal,0,4,6,0,JJ Bumrah,M.Chinnaswamy Stadium,CK Nandan,S Ravi,,1.139,1.378
1175363,2019,7,29-03-2019,11,6,6,2,normal,0,11,0,5,Rashid Khan,"Rajiv Gandhi International Stadium, Uppal",C Shamshuddin,BNJ Oxenford,,1.288,0.987
1175364,2019,2,30-03-2019,2,4,2,1,normal,0,2,0,8,MA Agarwal,"Punjab Cricket Association IS Bindra Stadium, Mohali",VA Kulkarni,CB Gaffaney,,1.141,1.378
1175365,2019,3,30-03-2019,15,5,15,1,tie,0,15,0,0,PP Shaw,Feroz Shah Kotla,AY Dandekar,Nitin Menon,,1.292,0.987
1175366,2019,7,31-03-2019,11,1,1,1,normal,0,11,118,0,JM Bairstow,"Rajiv Gandhi International Stadium, Uppal",KN Ananthapadmanabhan,S Ravi,,1.288,1.139
1175367,2019,8,31-03-2019,8,6,6,1,normal,0,8,8,0,MS Dhoni,"MA Chidambaram Stadium, Chepauk",YC Barde,CK Nandan,,1.05,0.987
1175368,2019,2,01-04-2019,2,15,15,1,normal,0,2,14,0,SM Curran,"Punjab Cricket Association IS Bindra Stadium, Mohali",CB Gaffaney,AK Chaudhary,,1.141,1.292
1175369,2019,6,02-04-2019,6,1,6,1,normal,0,6,0,7,S Gopal,Sawai Mansingh Stadium,AY Dandekar,M Erasmus,,0.987,1.139
1175370,2019,4,03-04-2019,4,8,8,1,normal,0,4,37,0,HH Pandya,Wankhede Stadium,RJ Tucker,BNJ Oxenford,,1.378,1.05
1175371,2019,3,04-04-2019,15,11,11,1,normal,0,11,0,5,JM Bairstow,Feroz Shah Kotla,KN Ananthapadmanabhan,C Shamshuddin,,1.292,1.288
1175372,2019,31,05-04-2019,1,5,5,1,normal,0,5,0,5,AD Russell,M.Chinnaswamy Stadium,CB Gaffaney,AK Chaudhary,,1.139,0.987
1178393,2019,8,06-04-2019,8,2,8,2,normal,0,8,22,0,Harbhajan Singh,"MA Chidambaram Stadium, Chepauk",KN Ananthapadmanabhan,RJ Tucker,,1.05,1.141
1178394,2019,7,06-04-2019,11,4,11,1,normal,0,4,40,0,AS Joseph,"Rajiv Gandhi International Stadium, Uppal",AY Dandekar,Nitin Menon,,1.288,1.378
1178395,2019,31,07-04-2019,1,15,15,1,normal,0,15,0,4,K Rabada,M.Chinnaswamy Stadium,YC Barde,S Ravi,,1.139,1.292
1178396,2019,6,07-04-2019,6,5,5,1,normal,0,5,0,8,HF Gurney,Sawai Mansingh Stadium,CB Gaffaney,AK Chaudhary,,0.987,0.987
1178397,2019,2,08-04-2019,2,11,2,1,normal,0,2,0,6,KL Rahul,"Punjab Cricket Association IS Bindra Stadium, Mohali",AY Dandekar,M Erasmus,,1.141,1.288
1178398,2019,8,09-04-2019,8,5,8,1,normal,0,8,0,7,DL Chahar,"MA Chidambaram Stadium, Chepauk",RJ Tucker,C Shamshuddin,,1.05,0.987
1178399,2019,4,10-04-2019,4,2,4,1,normal,0,4,0,3,KA Pollard,Wankhede Stadium,YC Barde,S Ravi,,1.378,1.141
1178400,2019,6,11-04-2019,6,8,8,1,normal,0,8,0,4,MS Dhoni,Sawai Mansingh Stadium,UV Gandhe,BNJ Oxenford,,0.987,1.05
1178401,2019,5,12-04-2019,5,15,15,1,normal,0,15,0,7,S Dhawan,Eden Gardens,YC Barde,CK Nandan,,0.987,1.292
1178402,2019,4,13-04-2019,4,6,6,1,normal,0,6,0,4,JC Buttler,Wankhede Stadium,Nitin Menon,A Nand Kishore,,1.378,0.987
1178403,2019,2,13-04-2019,2,1,1,1,normal,0,1,0,8,AB de Villiers,"Punjab Cricket Association IS Bindra Stadium, Mohali",UV Gandhe,S Ravi,,1.141,1.139
1178404,2019,5,14-04-2019,5,8,8,1,normal,0,8,0,5,Imran Tahir,Eden Gardens,RJ Tucker,CK Nandan,,0.987,1.05
1178405,2019,7,14-04-2019,11,15,11,1,normal,0,15,39,0,KMA Paul,"Rajiv Gandhi International Stadium, Uppal",BNJ Oxenford,AK Chaudhary,,1.288,1.292
1178406,2019,4,15-04-2019,4,1,4,1,normal,0,4,0,5,SL Malinga,Wankhede Stadium,M Erasmus,Nitin Menon,,1.378,1.139
1178407,2019,2,16-04-2019,2,6,6,1,normal,0,2,12,0,R Ashwin,"Punjab Cricket Association IS Bindra Stadium, Mohali",VA Kulkarni,AK Chaudhary,,1.141,0.987
1178408,2019,7,17-04-2019,11,8,8,2,normal,0,11,0,6,DA Warner,"Rajiv Gandhi International Stadium, Uppal",UV Gandhe,IJ Gould,,1.288,1.05
1178409,2019,3,18-04-2019,15,4,4,2,normal,0,4,40,0,HH Pandya,Feroz Shah Kotla,BNJ Oxenford,NJ Llong,,1.292,1.378
1178410,2019,5,19-04-2019,5,1,5,1,normal,0,1,10,0,V Kohli,Eden Gardens,IJ Gould,Nitin Menon,,0.987,1.139
1178411,2019,6,20-04-2019,6,4,6,1,normal,0,6,0,5,SPD Smith,Sawai Mansingh Stadium,YC Barde,S Ravi,,0.987,1.378
1178412,2019,3,20-04-2019,15,2,15,1,normal,0,15,0,5,SS Iyer,Feroz Shah Kotla,UV Gandhe,C Shamshuddin,,1.292,1.141
1178413,2019,7,21-04-2019,11,5,11,1,normal,0,11,0,9,KK Ahmed,"Rajiv Gandhi International Stadium, Uppal",NJ Llong,Nitin Menon,,1.288,0.987
1178414,2019,31,21-04-2019,1,8,8,1,normal,0,1,1,0,PA Patel,M.Chinnaswamy Stadium,RJ Tucker,VA Kulkarni,,1.139,1.05
1178415,2019,6,22-04-2019,6,15,15,1,normal,0,15,0,6,RR Pant,Sawai Mansingh Stadium,A Nand Kishore,S Ravi,,0.987,1.292
1178416,2019,8,23-04-2019,8,11,8,1,normal,0,8,0,6,SR Watson,"MA Chidambaram Stadium, Chepauk",NJ Llong,AK Chaudhary,,1.05,1.288
1178417,2019,31,24-04-2019,1,2,2,1,normal,0,1,17,0,AB de Villiers,M.Chinnaswamy Stadium,C Shamshuddin,BNJ Oxenford,,1.139,1.141
1178418,2019,5,25-04-2019,5,6,6,1,normal,0,6,0,3,VR Aaron,Eden Gardens,AY Dandekar,IJ Gould,,0.987,0.987
1178419,2019,8,26-04-2019,8,4,8,1,normal,0,4,46,0,RG Sharma,"MA Chidambaram Stadium, Chepauk",NJ Llong,AK Chaudhary,,1.05,1.378
1178420,2019,6,27-04-2019,6,11,6,1,normal,0,6,0,7,JD Unadkat,Sawai Mansingh Stadium,YC Barde,A Nand Kishore,,0.987,1.288
1178421,2019,3,28-04-2019,15,1,15,2,normal,0,15,16,0,S Dhawan,Feroz Shah Kotla,KN Ananthapadmanabhan,BNJ Oxenford,,1.292,1.139
1178422,2019,5,28-04-2019,5,4,4,1,normal,0,5,34,0,AD Russell,Eden Gardens,IJ Gould,Nitin Menon,,0.987,1.378
1178423,2019,7,29-04-2019,11,2,2,1,normal,0,11,45,0,DA Warner,"Rajiv Gandhi International Stadium, Uppal",CK Nandan,S Ravi,,1.288,1.141
1178424,2019,31,30-04-2019,1,6,6,1,28,0,28,0,0,28,M.Chinnaswamy Stadium,UV Gandhe,NJ Llong,,1.139,0.987
1178425,2019,8,01-05-2019,8,15,15,1,normal,0,8,80,0,MS Dhoni,"MA Chidambaram Stadium, Chepauk",AY Dandekar,Nitin Menon,,1.05,1.292
1178426,2019,4,02-05-2019,4,11,4,2,tie,0,4,0,0,JJ Bumrah,Wankhede Stadium,CK Nandan,S Ravi,,1.378,1.288
1178427,2019,2,03-05-2019,2,5,5,1,normal,0,5,0,7,Shubman Gill,"Punjab Cricket Association IS Bindra Stadium, Mohali",C Shamshuddin,BNJ Oxenford,,1.141,0.987
1178428,2019,3,04-05-2019,15,6,6,2,normal,0,15,0,5,A Mishra,Feroz Shah Kotla,AY Dandekar,IJ Gould,,1.292,0.987
1178429,2019,31,04-05-2019,1,11,1,1,normal,0,1,0,4,SO Hetmyer,M.Chinnaswamy Stadium,NJ Llong,AK Chaudhary,,1.139,1.288
1178430,2019,2,05-05-2019,2,8,2,1,normal,0,2,0,6,KL Rahul,"Punjab Cricket Association IS Bindra Stadium, Mohali",KN Ananthapadmanabhan,C Shamshuddin,,1.141,1.05
1178431,2019,4,05-05-2019,4,5,4,1,normal,0,4,0,9,HH Pandya,Wankhede Stadium,A Nand Kishore,CK Nandan,,1.378,0.987
1181764,2019,8,07-05-2019,4,8,8,2,normal,0,4,0,6,SA Yadav,"MA Chidambaram Stadium, Chepauk",NJ Llong,Nitin Menon,,1.378,1.05
1181766,2019,23,08-05-2019,15,11,15,1,normal,0,15,0,2,RR Pant,Dr. Y.S. Rajasekhara Reddy ACA-VDCA Cricket Stadium,BNJ Oxenford,S Ravi,,1.292,1.288
1181767,2019,23,10-05-2019,8,15,8,1,normal,0,8,0,6,F du Plessis,Dr. Y.S. Rajasekhara Reddy ACA-VDCA Cricket Stadium,BNJ Oxenford,S Ravi,,1.05,1.292
1181768,2019,7,12-05-2019,4,8,4,2,normal,0,4,1,0,JJ Bumrah,"Rajiv Gandhi International Stadium, Uppal",IJ Gould,Nitin Menon,,1.378,1.05
1216492,2020,27,19-09-2020,4,8,8,1,normal,0,8,0,5,AT Rayudu,Sheikh Zayed Stadium,CB Gaffaney,VK Sharma,,1.378,1.05
1216493,2020,32,20-09-2020,15,2,2,1,tie,0,15,0,0,MP Stoinis,Dubai International Cricket Stadium,AK Chaudhary,Nitin Menon,,1.292,1.141
1216494,2020,27,21-10-2020,5,1,5,2,normal,0,1,0,8,Mohammed Siraj,Sheikh Zayed Stadium,VK Sharma,S Ravi,,0.987,1.139
1216495,2020,33,03-11-2020,4,11,11,1,normal,0,11,0,10,S Nadeem,Sharjah Cricket Stadium,C Shamshuddin,RK Illingworth,,1.378,1.288
1216496,2020,33,22-09-2020,6,8,8,1,normal,0,6,16,0,SV Samson,Sharjah Cricket Stadium,C Shamshuddin,VA Kulkarni,,0.987,1.05
1216497,2020,27,24-10-2020,5,15,15,1,normal,0,5,59,0,CV Varun,Sheikh Zayed Stadium,CB Gaffaney,PG Pathak,,0.987,1.292
1216498,2020,32,24-10-2020,2,11,11,1,normal,0,2,12,0,CJ Jordan,Dubai International Cricket Stadium,AY Dandekar,PR Reiffel,,1.141,1.288
1216499,2020,27,28-10-2020,1,4,4,1,normal,0,4,0,5,SA Yadav,Sheikh Zayed Stadium,UV Gandhe,CB Gaffaney,,1.139,1.378
1216500,2020,33,09-10-2020,15,6,6,1,normal,0,15,46,0,R Ashwin,Sharjah Cricket Stadium,KN Ananthapadmanabhan,C Shamshuddin,,1.292,0.987
1216501,2020,27,07-10-2020,5,8,5,2,normal,0,5,10,0,RA Tripathi,Sheikh Zayed Stadium,KN Ananthapadmanabhan,RK Illingworth,,0.987,1.05
1216502,2020,33,31-10-2020,1,11,11,1,normal,0,11,0,5,Sandeep Sharma,Sharjah Cricket Stadium,KN Ananthapadmanabhan,K Srinivasan,,1.139,1.288
1216503,2020,27,01-10-2020,4,2,2,1,normal,0,4,48,0,KA Pollard,Sheikh Zayed Stadium,VK Sharma,S Ravi,,1.378,1.141
1216504,2020,32,30-09-2020,5,6,6,1,normal,0,5,37,0,Shivam Mavi,Dubai International Cricket Stadium,KN Ananthapadmanabhan,C Shamshuddin,,0.987,0.987
1216505,2020,27,02-11-2020,1,15,15,1,normal,0,15,0,6,A Nortje,Sheikh Zayed Stadium,CB Gaffaney,S Ravi,,1.139,1.292
1216506,2020,27,01-11-2020,2,8,8,1,normal,0,8,0,9,RD Gaikwad,Sheikh Zayed Stadium,PG Pathak,VK Sharma,,1.141,1.05
1216507,2020,32,11-10-2020,11,6,11,2,normal,0,6,0,5,R Tewatia,Dubai International Cricket Stadium,YC Barde,PR Reiffel,,1.288,0.987
1216508,2020,27,23-09-2020,4,5,5,1,normal,0,4,49,0,RG Sharma,Sheikh Zayed Stadium,CB Gaffaney,S Ravi,,1.378,0.987
1216509,2020,33,17-10-2020,8,15,8,2,normal,0,15,0,5,S Dhawan,Sharjah Cricket Stadium,KN Ananthapadmanabhan,RK Illingworth,,1.05,1.292
1216510,2020,32,24-09-2020,2,1,1,1,normal,0,2,97,0,KL Rahul,Dubai International Cricket Stadium,AK Chaudhary,PR Reiffel,,1.141,1.139
1216511,2020,27,06-10-2020,4,6,4,2,normal,0,4,57,0,SA Yadav,Sheikh Zayed Stadium,VK Sharma,S Ravi,,1.378,0.987
1216512,2020,27,18-10-2020,5,11,11,1,tie,0,5,0,0,LH Ferguson,Sheikh Zayed Stadium,PG Pathak,S Ravi,,0.987,1.288
1216513,2020,32,04-10-2020,2,8,2,2,normal,0,8,0,10,SR Watson,Dubai International Cricket Stadium,AY Dandekar,Nitin Menon,,1.141,1.05
1216514,2020,27,03-10-2020,6,1,6,2,normal,0,1,0,8,YS Chahal,Sheikh Zayed Stadium,CB Gaffaney,S Ravi,,0.987,1.139
1216515,2020,33,03-10-2020,15,5,5,1,normal,0,15,18,0,SS Iyer,Sharjah Cricket Stadium,VA Kulkarni,RK Illingworth,,1.292,0.987
1216516,2020,32,02-10-2020,11,8,11,2,normal,0,11,7,0,PK Garg,Dubai International Cricket Stadium,AK Chaudhary,PR Reiffel,,1.288,1.05
1216517,2020,32,18-10-2020,4,2,4,2,tie,0,2,0,0,KL Rahul,Dubai International Cricket Stadium,Nitin Menon,PR Reiffel,,1.378,1.141
1216518,2020,32,22-10-2020,6,11,11,1,normal,0,11,0,8,MK Pandey,Dubai International Cricket Stadium,Nitin Menon,PR Reiffel,,0.987,1.288
1216519,2020,32,05-10-2020,15,1,1,1,normal,0,15,59,0,AR Patel,Dubai International Cricket Stadium,Nitin Menon,YC Barde,,1.292,1.139
1216520,2020,33,26-10-2020,5,2,2,1,normal,0,2,0,8,CH Gayle,Sharjah Cricket Stadium,KN Ananthapadmanabhan,RK Illingworth,,0.987,1.141
1216521,2020,33,23-10-2020,8,4,4,1,normal,0,4,0,10,TA Boult,Sharjah Cricket Stadium,C Shamshuddin,VA Kulkarni,,1.05,1.378
1216522,2020,32,17-10-2020,6,1,6,2,normal,0,1,0,7,AB de Villiers,Dubai International Cricket Stadium,AK Chaudhary,Nitin Menon,,0.987,1.139
1216523,2020,27,10-10-2020,5,2,5,2,normal,0,5,2,0,KD Karthik,Sheikh Zayed Stadium,UV Gandhe,CB Gaffaney,,0.987,1.141
1216524,2020,32,27-10-2020,11,15,15,1,normal,0,11,88,0,WP Saha,Dubai International Cricket Stadium,AK Chaudhary,Nitin Menon,,1.288,1.292
1216525,2020,32,10-10-2020,1,8,1,2,normal,0,1,37,0,V Kohli,Dubai International Cricket Stadium,AK Chaudhary,PR Reiffel,,1.139,1.05
1216526,2020,27,16-10-2020,5,4,5,2,normal,0,4,0,8,Q de Kock,Sheikh Zayed Stadium,CB Gaffaney,VK Sharma,,0.987,1.378
1216527,2020,33,27-09-2020,2,6,6,1,normal,0,6,0,4,SV Samson,Sharjah Cricket Stadium,RK Illingworth,K Srinivasan,,1.141,0.987
1216528,2020,32,13-10-2020,8,11,8,2,normal,0,8,20,0,RA Jadeja,Dubai International Cricket Stadium,AK Chaudhary,PR Reiffel,,1.05,1.288
1216529,2020,27,11-10-2020,15,4,15,2,normal,0,4,0,5,Q de Kock,Sheikh Zayed Stadium,CB Gaffaney,S Ravi,,1.292,1.378
1216530,2020,32,01-11-2020,5,6,6,1,normal,0,5,60,0,PJ Cummins,Dubai International Cricket Stadium,Nitin Menon,PR Reiffel,,0.987,0.987
1216531,2020,33,15-10-2020,1,2,1,2,normal,0,2,0,8,KL Rahul,Sharjah Cricket Stadium,KN Ananthapadmanabhan,C Shamshuddin,,1.139,1.141
1216532,2020,27,29-09-2020,11,15,15,1,normal,0,11,15,0,Rashid Khan,Sheikh Zayed Stadium,VK Sharma,S Ravi,,1.288,1.292
1216533,2020,27,19-10-2020,8,6,8,2,normal,0,6,0,7,JC Buttler,Sheikh Zayed Stadium,CB Gaffaney,VK Sharma,,1.05,0.987
1216534,2020,32,21-09-2020,1,11,11,1,normal,0,1,10,0,YS Chahal,Dubai International Cricket Stadium,AY Dandekar,Nitin Menon,,1.139,1.288
1216535,2020,32,31-10-2020,15,4,4,1,normal,0,4,0,9,Ishan Kishan,Dubai International Cricket Stadium,YC Barde,PR Reiffel,,1.292,1.378
1216536,2020,32,29-10-2020,5,8,8,1,normal,0,8,0,6,RD Gaikwad,Dubai International Cricket Stadium,C Shamshuddin,RK Illingworth,,0.987,1.05
1216537,2020,27,30-10-2020,2,6,6,1,normal,0,6,0,7,BA Stokes,Sheikh Zayed Stadium,CB Gaffaney,S Ravi,,1.141,0.987
1216538,2020,33,04-10-2020,4,11,4,2,normal,0,4,34,0,TA Boult,Sharjah Cricket Stadium,KN Ananthapadmanabhan,RK Illingworth,,1.378,1.288
1216539,2020,32,25-09-2020,15,8,8,1,normal,0,15,44,0,PP Shaw,Dubai International Cricket Stadium,KN Ananthapadmanabhan,RK Illingworth,,1.292,1.05
1216540,2020,33,12-10-2020,1,5,1,2,normal,0,1,82,0,AB de Villiers,Sharjah Cricket Stadium,RK Illingworth,K Srinivasan,,1.139,0.987
1216541,2020,27,25-10-2020,4,6,4,2,normal,0,6,0,8,BA Stokes,Sheikh Zayed Stadium,UV Gandhe,VK Sharma,,1.378,0.987
1216542,2020,32,08-10-2020,11,2,11,2,normal,0,11,69,0,JM Bairstow,Dubai International Cricket Stadium,AK Chaudhary,Nitin Menon,,1.288,1.141
1216543,2020,32,14-10-2020,15,6,15,2,normal,0,15,13,0,A Nortje,Dubai International Cricket Stadium,AK Chaudhary,Nitin Menon,,1.292,0.987
1216544,2020,32,25-10-2020,1,8,1,2,normal,0,8,0,8,RD Gaikwad,Dubai International Cricket Stadium,C Shamshuddin,RK Illingworth,,1.139,1.05
1216545,2020,27,26-09-2020,11,5,11,2,normal,0,5,0,7,Shubman Gill,Sheikh Zayed Stadium,CB Gaffaney,VK Sharma,,1.288,0.987
1216546,2020,32,20-10-2020,15,2,15,2,normal,0,2,0,5,S Dhawan,Dubai International Cricket Stadium,C Shamshuddin,RK Illingworth,,1.292,1.141
1216547,2020,32,28-09-2020,1,4,4,1,tie,0,1,0,0,AB de Villiers,Dubai International Cricket Stadium,Nitin Menon,PR Reiffel,,1.139,1.378
1237177,2020,32,05-11-2020,4,15,15,1,normal,0,4,57,0,JJ Bumrah,Dubai International Cricket Stadium,CB Gaffaney,Nitin Menon,,1.378,1.292
1237178,2020,27,06-11-2020,1,11,11,1,normal,0,11,0,6,KS Williamson,Sheikh Zayed Stadium,PR Reiffel,S Ravi,,1.139,1.288
1237180,2020,27,08-11-2020,15,11,15,2,normal,0,15,17,0,MP Stoinis,Sheikh Zayed Stadium,PR Reiffel,S Ravi,,1.292,1.288
1237181,2020,32,10-11-2020,15,4,15,2,normal,0,4,0,5,TA Boult,Dubai International Cricket Stadium,CB Gaffaney,Nitin Menon,,1.292,1.378
